	budget	popularity	revenue	runtime	vote_count	char1	directer
0	237000000	150.437577	2787965087	162	11800	Sam Worthington	James Cameron
1	300000000	139.082615	961000000	169	4500	Johnny Depp	Gore Verbinski
2	245000000	107.376788	880674609	148	4466	Daniel Craig	Sam Mendes
3	250000000	112.31295	1084939099	165	9106	Christian Bale	Christopher Nolan
4	260000000	43.926995	284139100	132	2124	Taylor Kitsch	Andrew Stanton
5	258000000	115.699814	890871626	139	3576	Tobey Maguire	Sam Raimi
6	260000000	48.681969	591794936	100	3330	Zachary Levi	Byron Howard
7	280000000	134.279229	1405403694	141	6767	Robert Downey Jr.	Joss Whedon
8	250000000	98.885637	933959197	153	5293	Daniel Radcliffe	David Yates
9	250000000	155.790452	873260194	151	7004	Ben Affleck	Zack Snyder
11	200000000	107.928811	586090727	106	2965	Daniel Craig	Marc Forster
12	200000000	145.847379	1065659812	151	5246	Johnny Depp	Gore Verbinski
13	255000000	49.046956	89289910	149	2311	Johnny Depp	Gore Verbinski
14	225000000	99.398009	662845518	143	6359	Henry Cavill	Zack Snyder
16	220000000	144.448633	1519557910	143	11776	Robert Downey Jr.	Joss Whedon
17	380000000	135.413856	1045713802	136	4948	Johnny Depp	Rob Marshall
18	225000000	52.035179	624026776	106	4160	Will Smith	Barry Sonnenfeld
19	250000000	120.965743	956019788	144	4760	Martin Freeman	Peter Jackson
20	215000000	89.866276	752215857	136	6586	Andrew Garfield	Marc Webb
21	200000000	37.668301	310669540	140	1398	Russell Crowe	Ridley Scott
22	250000000	94.370564	958400000	161	4524	Martin Freeman	Peter Jackson
23	180000000	42.990906	372234864	113	1303	Dakota Blue Richards	Chris Weitz
25	200000000	100.025899	1845034188	194	7562	Kate Winslet	James Cameron
26	250000000	198.372395	1153304495	147	7241	Chris Evans	Anthony Russo
28	150000000	418.708552	1513528810	124	8662	Chris Pratt	Colin Trevorrow
29	200000000	93.004993	1108561013	143	7604	Daniel Craig	Sam Mendes
30	200000000	35.149586	783766341	127	4321	Tobey Maguire	Sam Raimi
31	200000000	77.68208	1215439994	130	8806	Robert Downey Jr.	Shane Black
32	200000000	78.530105	1025491110	108	4645	Mia Wasikowska	Tim Burton
35	150000000	21.939663	836297228	150	3138	Shia LaBeouf	Michael Bay
36	210000000	116.840296	1091405097	165	3095	Mark Wahlberg	Michael Bay
37	200000000	46.985445	491868548	130	3530	James Franco	Sam Raimi
38	200000000	89.270217	705717432	142	4179	Andrew Garfield	Marc Webb
39	170000000	73.79505	400062763	125	2841	Garrett Hedlund	Joseph Kosinski
40	200000000	49.98659	559852396	106	2033	Owen Wilson	John Lasseter
41	200000000	51.872839	219851172	114	2487	Ryan Reynolds	Martin Campbell
42	200000000	59.995418	1066969703	103	4597	Tom Hanks	Lee Unkrich
43	200000000	71.862892	371353001	115	2463	Christian Bale	McG
44	190000000	102.322217	1506249360	137	4176	Vin Diesel	James Wan
45	200000000	81.834855	531865000	116	5560	Brad Pitt	Marc Forster
46	250000000	118.078691	747862775	131	6032	Hugh Jackman	Bryan Singer
48	195000000	43.349855	197687603	114	2598	Nicholas Hoult	Bryan Singer
50	150000000	62.169881	335154643	116	2317	Jake Gyllenhaal	Mike Newell
51	180000000	56.523205	407602906	131	4794	Idris Elba	Guillermo del Toro
52	195000000	28.529607	1123746996	154	3299	Shia LaBeouf	Michael Bay
53	185000000	75.674458	786636033	122	2495	Harrison Ford	Steven Spielberg
54	175000000	51.692953	331926147	93	1736	Raymond Ochoa	Peter Sohn
55	185000000	125.114374	538983207	93	4641	Kelly Macdonald	Brenda Chapman
57	180000000	66.390712	521311860	98	6296	Ben Burtt	Andrew Stanton
59	200000000	45.274225	769653595	158	4903	John Cusack	Roland Emmerich
60	200000000	39.744242	325233863	96	1095	Gary Oldman	Robert Zemeckis
61	176000003	85.36908	183987723	124	2768	Mila Kunis	Lilly Wachowski
62	180000000	42.741719	356743061	109	2430	Alexander Skarsg?rd	David Yates
64	178000000	139.272042	543934787	144	4721	James McAvoy	Bryan Singer
65	185000000	187.322927	1004558444	152	12002	Christian Bale	Christopher Nolan
67	175000000	36.167578	381509870	94	1423	Seth Rogen	Conrad Vernon
68	140000000	120.725053	585174222	126	8776	Robert Downey Jr.	Jon Favreau
69	170000000	32.319043	185770160	126	2141	Ben Kingsley	Martin Scorsese
71	145000000	60.034162	401128639	112	1387	Brendan Fraser	Rob Cohen
72	175000000	90.23792	745000000	123	7458	Will Smith	David Ayer
73	175000000	27.082182	173000000	96	1151	Steve Carell	Tom Shadyac
74	178000000	79.456485	370541256	113	4858	Tom Cruise	Doug Liman
76	175000000	32.852443	302469017	118	1962	Dennis Quaid	Stephen Sommers
77	175000000	128.655964	857611174	94	6560	Amy Poehler	Pete Docter
79	200000000	77.300194	623933331	124	6849	Robert Downey Jr.	Jon Favreau
80	170000000	77.178973	396600000	127	3118	Kristen Stewart	Rupert Sanders
81	180000000	110.620647	758539785	97	4496	Angelina Jolie	Robert Stromberg
82	170000000	243.791743	710644566	130	4410	Andy Serkis	Matt Reeves
85	170000000	72.225265	714766572	136	5764	Chris Evans	Anthony Russo
86	165000000	44.041186	752600867	93	1959	Mike Myers	Mike Mitchell
87	190000000	130.311355	209154322	130	2846	Britt Robertson	Brad Bird
88	165000000	203.73459	652105443	102	6135	Scott Adsit	Chris Williams
89	165000000	62.341073	471222889	108	4570	John C. Reilly	Rich Moore
91	165000000	48.775723	389681935	120	2491	Liam Hemsworth	Roland Emmerich
92	165000000	67.263269	494878759	98	4227	Jay Baruchel	Chris Sanders
94	170000000	481.098624	773328629	121	9742	Chris Pratt	James Gunn
95	165000000	724.247784	675120017	169	10867	Matthew McConaughey	Christopher Nolan
96	160000000	167.58371	825532764	148	13752	Leonardo DiCaprio	Christopher Nolan
98	250000000	108.849621	1021103568	169	8297	Ian McKellen	Peter Jackson
100	150000000	60.269279	333932083	166	3292	Cate Blanchett	David Fincher
101	160000000	3.195174	353624124	132	5181	James McAvoy	Matthew Vaughn
102	160000000	127.284427	653428261	137	3984	Jennifer Lawrence	Francis Lawrence
103	150000000	35.580815	215283742	109	1470	Nicolas Cage	Jon Turteltaub
104	160000000	21.133748	181674817	99	583	Kurt Russell	Wolfgang Petersen
105	170000000	56.268916	299370084	113	1725	Johnny Depp	James Bobin
106	160000000	42.986467	798958165	93	2278	Mike Myers	Chris Miller
107	160000000	63.148529	433677183	123	2268	Paula Patton	Duncan Jones
108	155000000	202.042635	440603537	126	3631	Arnold Schwarzenegger	Alan Taylor
111	150000000	25.468493	709709780	144	4040	Shia LaBeouf	Michael Bay
113	150000000	78.144395	938212738	138	5494	Daniel Radcliffe	David Yates
114	150000000	101.250416	895921036	157	5608	Daniel Radcliffe	Mike Newell
115	150000000	56.758411	624029371	92	2961	Will Smith	Peter Berg
116	150000000	70.867401	585349010	101	4853	Will Smith	Francis Lawrence
117	150000000	53.905592	474968763	115	3624	Johnny Depp	Tim Burton
118	150000000	65.677399	623722818	111	4369	Patton Oswalt	Jan Pinkava
119	150000000	115.040024	374218673	140	7359	Christian Bale	Christopher Nolan
120	150000000	44.141021	603900354	89	1810	Ben Stiller	Eric Darnell
121	150000000	81.781591	413106170	105	1971	Ben Stiller	Shawn Levy
122	150000000	5.954334	373062864	107	4021	Hugh Jackman	Gavin Hood
124	150000000	165.125366	1274219009	102	5295	Kristen Bell	Chris Buck
126	170000000	99.499595	644571402	112	4755	Chris Hemsworth	Alan Taylor
127	150000000	434.278564	378858340	120	9427	Tom Hardy	George Miller
129	150000000	86.493424	449326618	115	6525	Chris Hemsworth	Kenneth Branagh
130	150000000	41.845878	309979994	98	1750	John Travolta	Chris Williams
131	150000000	26.710398	292817841	88	510	Sam Rockwell	Hoyt Yeatman
132	150000000	44.927635	301000000	99	1431	Sam Worthington	Jonathan Liebesman
133	150000000	50.306728	245527149	113	2320	Johnny Depp	Tim Burton
134	150000000	114.522237	682330139	131	3224	Tom Cruise	Christopher McQuarrie
135	150000000	21.214571	0	102	549	Benicio del Toro	Joe Johnston
136	150000000	29.332905	287594577	91	1171	Jerry Seinfeld	Steve Hickner
137	150000000	51.247321	665692281	91	1880	Jack Black	Jennifer Yuh Nelson
138	150000000	33.769336	318502923	103	1151	Noah Ringer	M. Night Shyamalan
139	150000000	63.079003	397850012	126	2028	Tom Cruise	J.J. Abrams
141	150000000	12.362599	38992758	88	199	Seth Green	Simon Wells
142	149000000	22.550135	64459316	85	874	Hugh Jackman	David Bowers
147	140000000	54.159392	431971116	133	1092	Pierce Brosnan	Lee Tamahori
148	144000000	66.21806	229147509	116	2142	Melissa McCarthy	Paul Feig
150	140000000	91.332849	441818803	88	3114	Tommy Lee Jones	Barry Sonnenfeld
151	70000000	35.601665	195735876	115	841	Ray Winstone	Robert Zemeckis
152	145000000	56.747978	521170825	95	1603	Jack Black	Jennifer Yuh Nelson
153	145000000	77.77477	694713380	133	3972	Tom Cruise	Brad Bird
154	145000000	61.788035	306941670	97	1922	Chris Pine	Peter Ramsey
155	100000000	25.159168	202026112	90	627	Jim Carrey	Dean Parisot
157	140000000	101.599427	268031828	150	1921	Christian Bale	Ridley Scott
159	139000000	82.502566	821708551	121	5265	Tobey Maguire	Sam Raimi
160	145000000	100.21391	609123048	102	3106	Jay Baruchel	Dean DeBlois
163	130000000	64.798873	185258983	163	2811	Malin ?kerman	Zack Snyder
169	140000000	74.506246	370569774	124	7047	Chris Evans	Joe Johnston
170	135000000	39.604363	361832400	128	862	Pierce Brosnan	Michael Apted
171	150000000	36.973031	212011111	138	790	Russell Crowe	Peter Weir
173	130000000	17.7735	150406466	100	373	Elijah Wood	George Miller
175	140000000	44.19092	183345589	120	1000	Ruby Barnhill	Steven Spielberg
176	135000000	100.635882	532950503	156	6396	Leonardo DiCaprio	Alejandro Gonz?lez I??rritu
177	135000000	44.765377	282570682	96	1074	Ryan Reynolds	David Soren
178	135000000	29.91353	245724603	107	2051	Johnny Depp	Gore Verbinski
180	70000000	45.381501	442824138	115	2888	Matt Damon	Paul Greengrass
181	130000000	84.689648	631744560	90	3145	Jack Black	Mark Osborne
182	130000000	120.09361	519311965	117	5880	Paul Rudd	Peyton Reed
183	130000000	76.310119	847423452	146	6495	Jennifer Lawrence	Francis Lawrence
184	135000000	63.473086	368871007	94	1519	Jim Parsons	Tim Johnson
188	110000000	48.829437	293329073	100	2093	Angelina Jolie	Phillip Noyce
189	125000000	46.115758	362637473	139	2350	Russell Crowe	Darren Aronofsky
190	130000000	89.938296	371940071	107	2061	Jamie Bell	Steven Spielberg
196	130000000	68.757242	321887208	95	1918	Will Ferrell	Tom McGrath
197	125000000	109.984351	976475550	152	7006	Daniel Radcliffe	Chris Columbus
198	130000000	39.448066	61648500	96	1260	Jeff Bridges	Robert Schwentke
199	140000000	271.972889	655011224	143	6985	Johnny Depp	Gore Verbinski
200	125000000	206.227151	752100229	123	5584	Jennifer Lawrence	Francis Lawrence
201	125000000	45.313197	767820459	149	2704	Tom Hanks	Ron Howard
202	103000000	42.40024	500188435	102	978	Jesse Eisenberg	Carlos Saldanha
204	125000000	7.255718	626137675	130	2438	Vin Diesel	Justin Lin
205	125000000	81.499621	334615000	129	3886	Robert Downey Jr.	Guy Ritchie
206	125000000	47.686442	232713139	106	2233	Sam Worthington	Louis Leterrier
209	130000000	90.33681	276572938	120	2651	Jeremy Renner	Tony Gilroy
211	123000000	45.419668	345141403	104	1386	Jim Carrey	Ron Howard
212	125000000	41.380094	544272402	124	2392	Dennis Quaid	Roland Emmerich
213	125000000	54.931334	546388105	123	1928	Tom Cruise	John Woo
216	120000000	51.328145	609016565	127	5797	Suraj Sharma	Ang Lee
217	110000000	46.834704	228738393	114	1712	Nicolas Cage	Mark Steven Johnson
218	120000000	62.641286	415484914	123	2341	Matt Damon	Paul Greengrass
220	130000000	68.889395	403170142	124	5080	Noomi Rapace	Ridley Scott
224	120000000	66.757869	242688965	102	2342	Joel Kinnaman	Jos� Padilha
225	120000000	17.060695	93945766	135	354	Emile Hirsch	Lilly Wachowski
226	120000000	11.137655	48668907	121	223	Reese Witherspoon	James L. Brooks
227	117000000	44.906918	261930431	109	1547	Tom Cruise	James Mangold
228	120000000	67.698004	286168572	124	4800	Tom Cruise	Joseph Kosinski
229	113000000	44.108427	850000000	140	4116	Ewan McGregor	George Lucas
230	120000000	43.987061	649398328	142	3992	Ewan McGregor	George Lucas
231	115000000	106.815545	562816256	92	5996	John Goodman	Pete Docter
232	120000000	15.953444	415440673	126	4053	Hugh Jackman	James Mangold
233	115000000	54.035265	924317558	136	4432	Liam Neeson	George Lucas
234	135000000	64.183321	585178928	98	2399	Nicolas Cage	Chris Sanders
237	115000000	60.467984	164602163	114	1523	Chris Hemsworth	Cedric Nicolas-Troyan
238	125000000	143.350376	477200000	101	2636	Megan Fox	Jonathan Liebesman
239	105000000	110.153618	716392705	91	5751	Sandra Bullock	Alfonso Cuar?n
241	135000000	39.873791	245623848	112	963	Megan Fox	Dave Green
242	120000000	38.126095	167977596	100	2278	Miles Teller	Josh Trank
244	110000000	100.412364	470490832	114	2968	Dwayne Johnson	Brad Peyton
245	110000000	42.887121	333011068	119	925	Pierce Brosnan	Roger Spottiswoode
247	110000000	76.840712	362744280	125	2124	George Clooney	Steven Soderbergh
249	110000000	103.718387	295238201	119	3829	Shailene Woodley	Robert Schwentke
252	120000000	31.703608	227817248	119	1251	Seth Rogen	Michel Gondry
253	110000000	71.510596	337580051	102	2397	Sullivan Stapleton	Noam Murro
254	110000000	36.65422	563749323	103	1179	Hank Azaria	Raja Gosnell
255	110000000	19.625972	103951461	76	389	Roseanne Barr	Will Finn
256	110000000	86.105615	179246868	121	1998	Shailene Woodley	Robert Schwentke
257	110000000	37.195046	299268508	127	2692	Hugh Jackman	Shawn Levy
258	105000000	32.473628	347434178	105	695	Hank Azaria	Raja Gosnell
260	110000000	45.94834	125537191	114	2303	Asa Butterfield	Gavin Hood
262	93000000	138.049577	871368364	178	8705	Elijah Wood	Peter Jackson
267	130000000	44.490453	211643158	144	1157	Orlando Bloom	Ridley Scott
269	105000000	62.479574	267045765	97	1247	Anika Noni Rose	Ron Clements
270	108000000	167.93287	630161890	141	7268	Matt Damon	Ridley Scott
271	126000000	37.68056	162949164	136	1770	Ewan McGregor	Michael Bay
277	150000000	88.935165	599045960	144	3855	Daniel Craig	Martin Campbell
280	80000000	33.691694	214104620	140	1344	Christian Bale	Michael Mann
281	100000000	42.361215	266465037	157	1502	Denzel Washington	Ridley Scott
283	100000000	40.597856	150166126	106	954	Denzel Washington	Tony Scott
284	100000000	32.389353	310650585	98	1060	Robert De Niro	Paul Weitz
285	100000000	24.399642	170432927	107	1383	Will Ferrell	Adam McKay
286	100000000	24.507987	242295562	115	543	Arnold Schwarzenegger	Chuck Russell
287	100000000	82.121691	425368238	165	10099	Jamie Foxx	Quentin Tarantino
290	100000000	53.732892	312573423	103	2896	Sylvester Stallone	Simon West
292	100000000	30.863434	249288105	104	967	Ed Speleers	Stefen Fangmeier
293	100000000	31.586215	100086793	101	572	Max Records	Spike Jonze
295	100000000	41.426678	278731369	103	1699	Johnny Depp	Florian Henckel von Donnersmarck
296	100000000	20.652943	211989043	121	482	Arnold Schwarzenegger	Peter Hyams
298	100000000	95.007934	392000694	180	6571	Leonardo DiCaprio	Martin Scorsese
301	102000000	73.872343	130482868	172	2977	Tom Hanks	Tom Tykwer
302	80000000	37.321848	140073390	97	703	Emily Barclay	Zack Snyder
307	90000000	61.025639	206172544	127	1795	Sylvester Stallone	Patrick Hughes
308	105000000	33.507289	133718711	114	783	Edgar Ram?rez	Ericson Core
310	100000000	50.767332	93820758	122	1276	Chris Hemsworth	Ron Howard
312	100000000	30.254021	94882889	115	717	Matt Damon	Paul Greengrass
313	99000000	34.308098	246233113	88	604	Noah Schnapp	Steve Martino
316	100000000	46.160048	193772504	167	1910	Leonardo DiCaprio	Martin Scorsese
318	85000000	23.230851	149044513	85	601	Shia LaBeouf	Ash Brannon
323	100000000	18.325897	288347692	146	426	Sarah Jessica Parker	Michael Patrick King
325	95000000	65.229868	877244782	88	2672	John Leguizamo	Steve Martino
326	95000000	101.187052	543514353	105	2374	Lily James	Kenneth Branagh
327	65000000	29.257137	93525586	136	1065	Rachel Weisz	Peter Jackson
328	94000000	85.688789	940335536	100	6122	Albert Brooks	Andrew Stanton
329	94000000	123.630332	1118888979	201	8064	Elijah Wood	Peter Jackson
330	79000000	106.914973	926287400	179	7487	Elijah Wood	Peter Jackson
331	95000000	63.628459	114178613	102	957	Jeff Bridges	Sergei Bodrov
335	93000000	138.433168	482860185	105	4347	James Franco	Rupert Wyatt
337	92000000	65.402595	304654182	98	3493	Bruce Willis	John Moore
339	92000000	77.817571	631442092	115	5152	Craig T. Nelson	Brad Bird
342	90000000	104.121555	589390539	98	4412	Tommy Lee Jones	Barry Sonnenfeld
343	90000000	73.575118	497366869	92	3806	Tom Hanks	John Lasseter
347	100000000	46.781182	242988466	90	1747	Bill Hader	Phil Lord
348	90000000	69.457898	886686817	94	2271	Ray Romano	Carlos Saldanha
351	90000000	63.429157	289847354	151	4339	Leonardo DiCaprio	Martin Scorsese
353	92000000	43.192048	188072649	107	1667	Ben Stiller	Ben Stiller
354	90000000	47.651083	232617430	158	2434	Daniel Craig	David Fincher
356	90000000	57.834787	524028679	128	5766	Robert Downey Jr.	Guy Ritchie
357	100000000	29.608322	94061311	125	621	Jack Huston	Timur Bekmambetov
358	120000000	51.548589	186053725	95	1224	Michael J. Fox	Gary Trousdale
359	0	27.867368	233755553	92	428	Jason Lee	Walt Becker
361	90000000	40.597344	201596308	113	1048	Adam Sandler	Dennis Dugan
362	88000000	140.849495	243637091	105	2513	Adam Sandler	Chris Columbus
365	90000000	55.249434	171120329	150	1308	Jodie Foster	Robert Zemeckis
367	80000000	18.69984	162944923	128	392	Nicole Kidman	Sydney Pollack
368	90000000	40.262261	174578751	106	1648	Logan Lerman	Thor Freudenthal
370	90000000	51.535701	334901337	129	3235	Jesse Eisenberg	Jon M. Chu
374	90000000	46.200042	484635760	96	2166	Jesse Eisenberg	Carlos Saldanha
380	88000000	24.100863	108539911	144	616	Russell Crowe	Ron Howard
382	87000000	14.824166	148336445	141	216	Jeff Bridges	Gary Ross
385	100000000	37.272385	384335608	108	1410	Elijah Wood	George Miller
386	75000000	53.213931	288500217	108	2825	Matt Damon	Paul Greengrass
388	85000000	60.929352	450717150	116	3783	George Clooney	Steven Soderbergh
389	75000000	36.605246	132274484	110	924	Milla Jovovich	Paul W.S. Anderson
390	85000000	56.257411	358375603	91	2566	Adam Sandler	Genndy Tartakovsky
391	85000000	29.21998	340487652	107	1449	Amy Adams	Kevin Lima
392	85000000	34.773106	208076205	115	1345	Denzel Washington	Daniel Espinosa
394	75000000	36.743324	152930623	104	932	Ben Stiller	Brett Ratner
395	85000000	44.967453	194168700	136	1225	Cameron Diaz	Nancy Meyers
397	85000000	16.479851	219103655	121	360	Meryl Streep	Nancy Meyers
398	85000000	42.069993	311312624	122	1999	George Clooney	Steven Soderbergh
399	85000000	26.61951	197309027	83	656	Martin Lawrence	Jill Culton
400	85000000	80.316463	288747895	139	4663	Shailene Woodley	Neil Burger
402	85000000	24.107835	80916492	104	514	Dwayne Johnson	Peter Berg
404	85000000	16.595874	162242962	145	652	Zhang Ziyi	Rob Marshall
405	85000000	8.282876	158468292	104	1705	Lucas Black	Justin Lin
406	0	19.83683	0	97	333	James McAvoy	Barry Cook
407	90000000	36.069611	142940100	178	1147	Brad Pitt	Martin Brest
408	85000000	18.827753	78382433	108	427	Arnold Schwarzenegger	Andrew Davis
411	60000000	38.885195	47664559	112	2126	Michael Cera	Edgar Wright
415	50000000	57.673932	41037742	95	1940	Karl Urban	Pete Travis
418	85000000	11.77398	112483764	82	119	James Marsden	Brad Peyton
419	85000000	21.218	222231186	88	1799	Hayden Christensen	Doug Liman
423	80000000	109.684788	484572835	101	3012	Jim Carrey	Tom Shadyac
424	80000000	77.580661	274470394	103	2926	Sylvester Stallone	Sylvester Stallone
425	80000000	75.290998	457696359	110	2631	Tom Cruise	Brian De Palma
426	75000000	68.550698	691210692	142	9455	Jennifer Lawrence	Gary Ross
427	80000000	58.040149	254455986	102	3739	Bradley Cooper	Todd Phillips
433	84000000	44.34333	0	116	1526	Bruce Willis	Dean Parisot
435	75000000	23.473004	342695435	87	484	Jason Lee	Mike Mitchell
436	80000000	45.589568	246984278	100	1155	Adam Sandler	Dennis Dugan
437	80000000	23.496054	230685453	110	1051	Steve Carell	Peter Segal
439	80000000	81.914696	294804195	138	6336	Leonardo DiCaprio	Martin Scorsese
445	80000000	37.02665	214918407	117	1543	Adam Sandler	Dennis Dugan
452	80000000	36.125715	250200000	88	1288	Michael Jordan	Joe Pytka
458	80000000	11.187696	201584141	80	220	Dan Aykroyd	Eric Brevig
460	80000000	27.46264	169852759	102	498	Kevin James	Frank Coraci
466	80000000	25.978555	123729176	96	631	Guy Pearce	Simon Wells
469	75000000	31.054334	142400065	129	893	Antonio Banderas	Martin Campbell
473	70000000	44.090535	101371017	106	1509	Jack Nicholson	Tim Burton
476	80000000	36.664991	122444772	89	1195	Bruce Willis	Jonathan Mostow
479	80000000	10.088006	126546518	87	133	Charlie Rowe	Barry Cook
482	80000000	9.357734	53825515	112	165	Judi Dench	Rob Marshall
486	90000000	52.612025	146936910	106	1316	Vin Diesel	Breck Eisner
489	0	10.706613	19406406	84	111	Pierce Brosnan	Jacques Perrin
490	80000000	7.342892	5989640	110	111	Heike Makatsch	Peter Hyams
493	60000000	59.248437	313542341	135	3009	Russell Crowe	Ron Howard
494	45000000	90.457886	788241776	89	5376	Jonathan Taylor Thomas	Roger Allers
495	79000000	40.723459	355692760	94	1030	Dwayne Johnson	Brad Peyton
499	79000000	22.132418	149673788	91	604	Adam Sandler	Dennis Dugan
501	64000000	35.384423	97571250	92	756	Jeff Bridges	Mark Osborne
504	75000000	31.482872	875958308	87	3462	Louis C.K.	Chris Renaud
506	76000000	136.886704	970761885	98	4637	Steve Carell	Pierre Coffin
510	76000000	35.387874	69959751	109	2071	Clive Owen	Alfonso Cuar?n
512	75000000	73.82289	258270008	110	2528	Angelina Jolie	Timur Bekmambetov
514	80000000	85.115058	660940780	91	2951	Ray Romano	Carlos Saldanha
516	50000000	31.160542	90450008	117	709	John Travolta	Adam Shankman
520	80000000	38.864027	271430189	102	1705	Adam Sandler	Dennis Dugan
521	60000000	57.753914	219417255	128	1910	Tom Hanks	Steven Spielberg
523	75000000	13.318744	215663859	124	283	Chris O'Donnell	Martin Campbell
524	75000000	18.70031	119000410	102	338	Tom Hanks	Mike Nichols
526	70000000	14.486311	154937680	134	284	Jamie Foxx	Bill Condon
530	75000000	23.004607	98159963	100	772	Katherine Heigl	Robert Luketic
533	75000000	36.368839	140175006	91	874	Ryan Newman	Gil Kenan
537	75000000	37.917002	226904017	110	880	Mickey Rourke	Tarsem Singh
541	75000000	11.873856	14567883	99	221	Kurt Russell	Paul W.S. Anderson
546	74000000	875.581305	1156730962	91	4571	Sandra Bullock	Kyle Balda
547	82000000	39.127082	89792502	110	1623	Emily Browning	Zack Snyder
549	75000000	18.65988	13100000	134	476	Dustin Hoffman	Barry Levinson
550	73000000	45.720894	349779543	97	1022	Jason Sudeikis	Fergal Reilly
551	70000000	21.789615	111231041	112	444	Matthew McConaughey	Andy Tennant
552	75000000	20.199057	61458982	146	390	Adam Sandler	Judd Apatow
553	70000000	26.123705	86658558	110	513	Jamie Foxx	Peter Berg
554	72500000	12.599836	162966177	116	491	Will Ferrell	Adam McKay
558	75000000	46.875375	527068851	87	2264	Dan Castellaneta	David Silverman
565	150000000	47.320801	919838758	93	2988	Mike Myers	Andrew Adamson
566	120000000	82.643036	461983149	117	3877	Owen Wilson	John Lasseter
568	70000000	46.217769	277448382	124	1424	Vin Diesel	Rob Cohen
569	74000000	36.952268	311594032	93	719	Tom Kenny	Paul Tibbitt
571	70000000	72.595961	319131050	153	6430	Brad Pitt	Quentin Tarantino
574	80000000	34.052253	116643346	117	770	Samuel L. Jackson	Clark Johnson
577	70000000	42.957216	171183863	101	1217	Sanaa Lathan	Paul W.S. Anderson
578	75000000	29.412262	443140005	88	666	Zachary Levi	Betty Thomas
582	70000000	49.199234	202466756	116	1448	Aaron Eckhart	Jonathan Liebesman
585	66000000	29.505574	177584879	146	992	Tom Hiddleston	Steven Spielberg
586	70000000	43.873266	154984035	118	1523	Matt Damon	George Clooney
588	70000000	23.25645	134748021	133	493	Michael Douglas	Oliver Stone
591	70000000	48.032734	135560026	127	1184	Claire Danes	Matthew Vaughn
593	70000000	14.780634	67112664	111	304	Kevin James	Ron Howard
597	70000000	58.401204	160112671	88	1862	Kate Beckinsale	M?ns M?rlind
598	75000000	23.515938	59418613	123	385	Julianne Hough	Adam Shankman
604	75000000	10.54544	13596911	95	228	Chris Rock	Bobby Farrelly
605	70000000	6.682006	18662027	88	43	Lea Michele	Dan St. Pierre
606	70000000	46.832372	17752940	133	826	Chris Hemsworth	Michael Mann
607	70000000	24.664776	57958696	107	439	Jude Law	Kerry Conran
609	50000000	44.478043	122915111	115	1659	Sylvester Stallone	Mikael H?fstr?m
611	68000000	22.392544	193000000	124	437	Ben Affleck	Phil Alden Robinson
612	68000000	107.069763	698491347	124	2301	Kristen Stewart	David Slade
614	69000000	113.858273	543513985	95	6478	Steve Carell	Pierre Coffin
617	70000000	18.888806	39041505	127	395	Rachel Weisz	Alejandro Amen?bar
619	36000000	27.11589	83160734	105	611	Owen Wilson	Bobby Farrelly
621	80000000	28.223664	52099090	114	588	Chris Pine	Craig Gillespie
622	70000000	37.507136	113280098	128	895	Leonardo DiCaprio	Ridley Scott
623	69000000	11.023691	86387857	114	531	Steve Carell	Jay Roach
625	66000000	25.877794	212404396	112	602	Sean Connery	Jon Amiel
631	59000000	99.561972	383257136	81	3857	Ray Romano	Chris Wedge
632	68000000	26.792794	75715436	136	567	Morgan Freeman	Lawrence Kasdan
634	63000000	104.309993	463517383	136	8907	Keanu Reeves	Lilly Wachowski
637	61000000	48.356214	441809770	157	1884	Hugh Jackman	Tom Hooper
638	65000000	28.540267	250821495	119	838	Tom Hanks	Nora Ephron
641	65000000	43.865294	211780824	95	1685	Robert Downey Jr.	Todd Phillips
642	65000000	43.055253	163442937	137	1400	Jack O'Connell	Angelina Jolie
643	65000000	15.772081	128884132	130	403	Clint Eastwood	Clint Eastwood
646	65000000	18.281798	69700000	104	238	Bruce Willis	Jon Turteltaub
649	65000000	31.349143	179379533	83	1743	Sacha Baron Cohen	Larry Charles
650	65000000	27.870312	162091208	159	1234	Tom Cruise	Stanley Kubrick
652	50100000	59.634029	153962963	105	2542	Will Smith	Glenn Ficarra
653	65000000	38.994297	156974557	103	1389	Reese Witherspoon	McG
654	65000000	49.660055	128905366	123	1252	Wesley Snipes	David S. Goyer
657	65000000	6.227675	240159255	95	1600	Milla Jovovich	Paul W.S. Anderson
658	45000000	42.57877	73762516	105	1175	Jason Statham	Paul W.S. Anderson
662	63000000	146.757391	100853753	139	9413	Edward Norton	David Fincher
666	65000000	31.324734	71154592	92	687	Aaron Eckhart	Stuart Beattie
668	43000000	28.613892	56681566	97	575	Jennifer Garner	Rob Bowman
669	65000000	85.428395	39407616	102	1286	Mickey Rourke	Robert Rodriguez
671	55000000	60.246978	203427584	121	1772	Jason Clarke	Baltasar Korm?kur
672	50000000	42.551902	132180323	147	1165	Ben Whishaw	Tom Tykwer
673	63000000	40.137264	296655431	94	979	Mike Myers	Jay Roach
674	65000000	24.857079	44091067	94	409	Nicolas Cage	David Bowers
675	63000000	40.413191	920100000	127	4856	Sam Neill	Steven Spielberg
679	64000000	12.421504	101595121	98	261	Marlon Wayans	Keenen Ivory Wayans
680	62000000	18.096884	127666415	116	340	Matthew McConaughey	Jonathan Mostow
682	62000000	13.218008	41819064	87	242	Mike Myers	Marco Schnabel
684	44000000	68.717016	155760117	167	4274	Samuel L. Jackson	Quentin Tarantino
686	63000000	16.791058	183953723	95	331	Russell Brand	Tim Hill
687	65000000	65.197968	422610419	117	4997	Gerard Butler	Zack Snyder
688	80000000	32.829538	516642939	115	1373	Ben Stiller	Jay Roach
689	60000000	30.951203	244082376	115	1343	Owen Wilson	David Frankel
690	60000000	103.698022	284600000	189	4048	Tom Hanks	Frank Darabont
691	0	31.719463	253625427	100	648	Tim Allen	Walt Becker
692	150000000	47.973995	314432665	81	944	Zach Braff	Mark Dindal
693	61000000	143.041543	369330363	145	5862	Ben Affleck	David Fincher
694	60000000	86.476817	214034224	119	3583	Matt Damon	Doug Liman
695	58000000	59.824565	352194034	130	1174	Pierce Brosnan	Martin Campbell
700	61000000	42.881415	131940411	109	1589	Denzel Washington	Baltasar Korm?kur
701	60000000	18.735024	93375151	87	352	Jeff Goldblum	Lawrence Guterman
702	60000000	62.766854	176070171	110	1919	Mark Wahlberg	F. Gary Gray
705	70000000	26.676487	171844840	113	588	Vince Vaughn	Peter Billingsley
708	61000000	113.161483	311256926	132	3040	Dylan O'Brien	Wes Ball
709	60000000	28.800112	204594016	133	636	Julia Roberts	Ryan Murphy
715	60000000	37.537093	165333180	92	779	Dwayne Johnson	Chuck Russell
717	60000000	56.868399	218340595	130	2998	Tom Cruise	Christopher McQuarrie
719	60000000	15.798622	0	111	247	Michael Jackson	Kenny Ortega
720	60000000	38.820858	137551594	106	1325	Matt Damon	Steven Soderbergh
722	60000000	51.146047	124596398	100	1386	Dakota Fanning	Henry Selick
723	60000000	20.501582	163403799	91	950	Mark Wahlberg	M. Night Shyamalan
725	50000000	4.280619	61112916	98	137	Tim Allen	Brian Robbins
728	66000000	47.479755	99318987	122	2225	Ron Perlman	Guillermo del Toro
730	60000000	39.539045	107139399	90	789	Kodi Smit-McPhee	Sam Fell
734	60000000	16.493576	50877145	93	258	Matthew Broderick	Robert Stevenhagen
739	60000000	61.849521	205754447	99	1621	Gerard Butler	Babak Najafi
741	61000000	37.378081	95696996	124	1462	Mark Wahlberg	Antoine Fuqua
744	60000000	59.547928	469160692	100	3070	Chris Pratt	Phil Lord
747	60000000	29.041198	105200903	113	1778	Josh Brolin	Ruben Fleischer
749	60000000	23.85119	122233971	134	1125	Morgan Freeman	Clint Eastwood
750	60000000	21.685719	87784194	127	484	Russell Crowe	Kevin Macdonald
751	78146652	13.630049	60000000	125	201	Clive Owen	Tony Gilroy
754	70000000	23.661071	104945765	91	556	Dwayne Johnson	Jorge Blanco
757	0	18.587114	0	111	366	Clint Eastwood	Robert Lorenz
761	60000000	18.380176	73174566	101	375	Robert De Niro	Jon Avnet
763	60000000	17.299333	31720158	109	234	Robert Downey Jr.	Joe Wright
767	60000000	36.689223	71073932	101	549	Ice Cube	Lee Tamahori
768	60000000	28.350927	78309131	87	692	Paul Bettany	Scott Stewart
776	60000000	22.736038	30800231	118	487	Colin Farrell	Akiva Goldsman
777	60000000	45.514031	90565421	130	1602	Lily Collins	Harald Zwart
778	60000000	18.676291	50650079	90	371	Eddie Murphy	Brian Robbins
781	60000000	27.018886	57490374	106	592	Brendan Fraser	Iain Softley
782	60000000	14.84856	39031337	103	320	Gabriel Macht	Frank Miller
783	60000000	52.417529	30418560	106	1055	Johnny Depp	David Koepp
784	60000000	15.406173	0	127	224	Jason Statham	Uwe Boll
788	58000000	514.569956	783112979	108	10995	Ryan Reynolds	Tim Miller
790	58800000	87.53437	542307423	133	4469	Bradley Cooper	Clint Eastwood
791	58000000	45.351617	158162788	103	995	Jack Black	Rob Letterman
793	83000000	6.248309	59468275	90	134	Mark Addy	Brian Levant
795	58000000	7.739276	41299492	114	130	George Clooney	George Clooney
798	58000000	1.551497	44000000	119	1658	Owen Wilson	Shawn Levy
799	60000000	2.143764	300228084	97	1363	Milla Jovovich	Paul W.S. Anderson
800	58000000	12.29603	50365377	125	178	Bryan Cranston	Anthony Hemingway
802	70000000	21.723897	58058367	116	453	Adam Sandler	Sean Anders
804	60000000	14.113066	61347797	97	226	Pierce Brosnan	Brett Ratner
805	57000000	48.622278	149217355	95	1135	Nicolas Cage	Brian Taylor
807	56000000	35.4763	113006880	95	842	Vin Diesel	Adam Shankman
810	60000000	47.336034	361366633	92	1177	Jason Lee	Tim Hill
818	55000000	52.786917	95000000	134	2454	Tom Hanks	Paul Greengrass
819	55000000	38.06168	152263880	97	1122	Tina Fey	Shawn Levy
828	30000000	79.754966	180949000	111	4949	Uma Thurman	Quentin Tarantino
836	55000000	17.097041	127906624	104	461	Jackie Chan	Rob Minkoff
839	55000000	7.027139	141047179	134	120	Madonna	Alan Parker
842	55000000	39.882276	259207227	95	883	Nicole Kidman	Paul King
847	0	10.449975	33472850	91	251	Will Ferrell	Kent Alterman
849	55000000	27.50916	113020255	141	1131	Angelina Jolie	Clint Eastwood
857	55000000	12.340384	0	107	134	Eddie Murphy	Karey Kirkpatrick
860	55000000	22.863516	89519773	119	573	Cher	Steve Antin
864	54000000	67.169587	155010032	117	1528	Wesley Snipes	Guillermo del Toro
865	55000000	41.472404	168167691	123	2039	Will Smith	Gabriele Muccino
867	54000000	59.194915	136766062	162	1546	Al Pacino	Francis Ford Coppola
869	54000000	18.600367	130431368	108	407	Kate Hudson	Anthony Russo
871	54000000	9.053456	7266209	121	104	Ben Affleck	Martin Brest
872	55000000	7.768223	9450897	125	95	Sean Penn	Steven Zaillian
882	0	6.162872	5761917	124	81	Eric Bana	Curtis Hanson
883	52000000	73.944049	352114312	141	3795	Leonardo DiCaprio	Steven Spielberg
884	40000000	38.306954	132820716	157	1702	Jessica Chastain	Kathryn Bigelow
885	52000000	26.251217	204999686	106	832	Vince Vaughn	Peyton Reed
887	52000000	25.41929	216485654	125	1013	Jessica Alba	Garry Marshall
888	50000000	15.98212	110803676	104	316	Johnny Knoxville	Jay Chandrasekhar
890	52000000	32.015477	75450437	112	736	Olivia Wilde	David Dobkin
891	82000000	24.444186	47434430	118	435	Jim Carrey	Milo? Forman
893	52000000	27.916284	52826594	92	675	John Travolta	Pierre Morel
898	50000000	94.815867	709827462	130	2436	Kristen Stewart	Chris Weitz
899	60000000	67.298732	484409218	90	4056	Mike Myers	Andrew Adamson
900	50200000	26.60772	127869379	106	1652	Matt Damon	George Nolfi
903	50000000	68.87691	549368315	106	4697	Mark Wahlberg	Seth MacFarlane
908	50000000	37.069253	260095987	112	2435	Joel Courtney	J.J. Abrams
909	52000000	30.347332	256271286	131	716	Julia Roberts	Steven Soderbergh
911	50000000	52.380982	188441614	112	3319	Jonah Hill	Phil Lord
914	50000000	45.318703	216972543	107	1650	Dwayne Johnson	Rawson Marshall Thurber
916	50000000	38.616744	242786137	96	854	Will Ferrell	Sean Anders
917	50000000	65.90161	212902372	125	1652	Meryl Streep	Rob Marshall
918	45000000	45.220386	184376254	129	1630	Denzel Washington	Spike Lee
921	50000000	38.629763	120081841	124	909	Matt Damon	Cameron Crowe
922	50000000	32.693093	155446362	121	1486	Nicolas Cage	Alex Proyas
925	50000000	37.990705	142851197	118	2443	Steve Carell	Glenn Ficarra
928	50000000	46.180421	110206216	133	1381	Brad Pitt	Bennett Miller
932	54000000	84.630969	132511035	132	4442	Natalie Portman	James McTeigue
937	50000000	53.02787	224803475	88	3239	Jeremy Renner	Tommy Wirkola
939	50000000	43.450266	144492830	109	1567	Alex Pettyfer	D.J. Caruso
940	50000000	16.871194	94000000	128	451	George Clooney	Stephen Gaghan
941	50000000	42.526529	69411370	144	938	James Badge Dale	Michael Bay
947	50000000	32.927994	97607453	125	1067	Radha Mitchell	Christophe Gans
949	50000000	39.920035	234989584	113	1611	Jason Biggs	Jon Hurwitz
954	50000000	42.472324	83719388	141	1417	Robert Duvall	David Dobkin
960	50000000	12.31101	69425966	92	269	Taylor Lautner	Robert Rodriguez
963	40000000	19.085403	60462347	99	371	Rain	James McTeigue
966	50000000	12.25622	83761844	87	149	Owen Wilson	Tom Dey
967	50000000	13.365715	105197635	129	510	Matt Damon	Clint Eastwood
970	50000000	6.567065	82169884	121	654	Gaspard Ulliel	Peter Webber
975	50000000	13.391833	60161391	118	368	Clive Owen	Tom Tykwer
976	50000000	21.637234	42277365	97	373	Kurt Russell	John Carpenter
977	70000000	61.245957	23159305	86	1436	Eli Marienthal	Brad Bird
979	50000000	21.589393	25035950	139	428	Matthew McConaughey	Gary Ross
983	51500000	35.481169	55112356	100	848	Naomi Watts	David Cronenberg
986	49900000	21.408222	26121638	102	501	Danny McBride	David Gordon Green
991	22000000	12.54949	24188922	108	235	Naomi Watts	Doug Liman
994	50000000	27.631262	40828540	95	760	Gerard Butler	Brian Taylor
997	50000000	37.253774	55969000	100	797	Ben Stiller	Ben Stiller
1000	50000000	30.387148	28931401	105	600	Nicolas Cage	Patrick Lussier
1004	50000000	31.02233	36348784	116	666	Tom Sturridge	Richard Curtis
1006	48000000	80.972475	474171806	127	3152	Harrison Ford	Steven Spielberg
1008	49000000	116.700319	104399548	120	3062	Sharlto Copley	Neill Blomkamp
1015	48000000	30.920075	50315140	120	695	Jeff Bridges	Iain Softley
1019	55000000	48.801089	70016220	122	1188	Russell Crowe	James Mangold
1020	48000000	88.844777	325771424	109	2200	Liam Neeson	Olivier Megaton
1029	47000000	10.410933	38085778	75	104	George Carlin	Yvette Kaplan
1034	46000000	25.6713	150000000	111	661	Patrick Stewart	Jonathan Frakes
1035	47000000	22.581313	10539000	80	420	Josh Brolin	Jimmy Hayward
1038	25000000	24.672234	15436808	127	573	Bryan Cranston	Brad Furman
1048	45000000	31.305336	175372502	97	1111	Jack Nicholson	Rob Reiner
1051	46000000	88.496873	122126687	153	3085	Hugh Jackman	Denis Villeneuve
1055	45000000	17.047276	165184237	103	501	Amy Adams	James Bobin
1056	45000000	43.815492	131183530	120	1905	Wesley Snipes	Stephen Norrington
1061	40000000	37.073127	244931766	135	1869	Keira Knightley	Richard Curtis
1062	120000000	87.350802	363258859	95	2303	Kevin Spacey	Andrew Stanton
1070	45000000	12.06538	148412065	94	1292	Milla Jovovich	Russell Mulcahy
1075	45000000	31.856589	82966152	131	766	Blake Lively	Oliver Stone
1076	25000000	24.459948	56422687	94	537	Chris Evans	David R. Ellis
1078	50000000	20.239061	55181129	88	366	Julia Roberts	John A. Davis
1080	0	11.872841	0	133	410	Evan Rachel Wood	Julie Taymor
1083	70000000	27.568194	72108608	101	676	Vin Diesel	Mathieu Kassovitz
1086	45000000	13.707183	57881056	86	244	Carter Jenkins	John Schultz
1090	57000000	7.524671	0	117	60	Matt Damon	Billy Bob Thornton
1095	110	9.950505	0	114	203	Chow Yun-fat	Zhang Yimou
1096	45000000	14.813057	42487390	99	332	Nicolas Cage	Danny Pang
1098	45000000	5.361699	4607608	139	81	Javier Bardem	Mike Newell
1100	45000000	35.6585	160078586	101	1007	Rowan Atkinson	Oliver Parker
1101	65000000	5.258726	73706	87	28	Charlie Sheen	Lawrence Kasanoff
1102	44500000	62.01056	232324128	120	3423	Ben Affleck	Ben Affleck
1104	40000000	33.747825	136000000	110	858	Gerard Butler	Andy Tennant
1110	50000000	49.020045	111340801	106	1528	Kate Beckinsale	Len Wiseman
1111	40000000	24.821138	34227298	109	685	James McAvoy	Paul McGuigan
1114	45000000	25.999888	50871113	103	518	Jet Li	Louis Leterrier
1115	43000000	18.65632	68696770	84	280	Cameron Diaz	Roger Kumble
1118	40000000	44.094856	51070807	93	1045	Jason Statham	Simon West
1119	42000000	62.714026	201585328	109	4074	Channing Tatum	Phil Lord
1120	42000000	28.969151	363889678	124	1262	Julia Roberts	Roger Michell
1122	42000000	33.238296	171963386	90	773	Ben Stiller	John Hamburg
1131	32000000	28.22119	156167015	133	541	Timothy Dalton	John Glen
1132	42000000	45.151657	89162162	100	922	Amanda Seyfried	Catherine Hardwicke
1137	40000000	19.438503	36893721	91	388	Katherine Heigl	Julie Anne Robinson
1139	42000000	7.349497	11087569	100	136	Kate Bosworth	Sngmoo Lee
1141	41000000	32.798571	215000000	110	1626	Eminem	Curtis Hanson
1142	0	5.794466	0	100	125	Jamel Debbouze	Jamel Debbouze
1146	42000000	34.041407	46221189	102	925	Sam Worthington	Asger Leth
1149	40000000	49.664128	251171807	138	2807	Christian Bale	David O. Russell
1150	40000000	36.238968	317375031	108	1804	Sandra Bullock	Anne Fletcher
1152	40000000	43.345252	332000000	108	3829	Michael J. Fox	Robert Zemeckis
1153	40000000	115.241998	126546825	89	5878	Scarlett Johansson	Luc Besson
1154	40000000	98.755657	571006128	125	3254	Dakota Johnson	Sam Taylor-Johnson
1158	40000000	37.084384	149295601	121	1526	Mark Wahlberg	Peter Berg
1160	40000000	68.794673	320170008	134	1949	Patrick Wilson	James Wan
1161	40000000	69.27822	224920315	120	3391	Jesse Eisenberg	David Fincher
1162	40000000	26.253357	177259441	129	959	Ben Affleck	Ken Kwapis
1165	40000000	45.769562	244527583	118	2900	Michael J. Fox	Robert Zemeckis
1168	40000000	22.853006	129540499	123	560	Meryl Streep	Nora Ephron
1170	40000000	31.385257	128798265	139	767	Matt Damon	Anthony Minghella
1173	35000000	53.114573	194564672	121	1881	Robert De Niro	Nancy Meyers
1174	40000000	25.136082	124827316	102	555	Kevin Hart	Tim Story
1177	40000000	66.003433	158733820	124	2691	Jessica Alba	Robert Rodriguez
1178	40000000	24.862767	151161491	90	716	Dennis Quaid	Pete Travis
1179	41000000	25.391899	91636986	105	515	Paul Rudd	John Hamburg
1184	20000000	52.571674	136267476	102	1350	Zac Efron	Burr Steers
1186	40000000	32.478077	186167139	82	831	Bobby Campo	David R. Ellis
1189	40000000	17.869443	90029656	109	612	Jonah Hill	Nicholas Stoller
1190	50000000	14.231899	170128460	107	297	Richard Gere	Peter Chelsom
1194	40000000	26.072228	85412898	119	902	Matthew McConaughey	Brad Furman
1195	30000000	38.643914	130786397	113	1265	Liam Neeson	Jaume Collet-Serra
1196	40000000	74.440708	109676311	130	4391	Hugh Jackman	Christopher Nolan
1198	40000000	18.14218	74597643	89	332	Brendan Fraser	Callan Brunker
1200	40000000	23.331459	191185897	130	440	Timothy Dalton	John Glen
1204	40000000	29.88736	114830111	99	670	Keanu Reeves	Alejandro Agresti
1206	0	16.394452	51854875	105	386	Jennifer Garner	Peter Hedges
1210	40000000	27.303608	141591324	98	629	Halle Berry	Mathieu Kassovitz
1213	40000000	39.381913	41797066	94	740	Steven Pasquale	Colin Strause
1217	40000000	43.151268	97552050	104	1789	Seth Rogen	Greg Mottola
1219	40000000	35.21926	97138686	111	902	David Arquette	Wes Craven
1224	47000000	38.555482	157887643	92	866	Emma Bell	Steven Quale
1228	40000000	15.055732	0	102	275	Owen Wilson	Steven Brill
1231	40000000	31.066874	55247881	129	708	Thomas Horn	Stephen Daldry
1232	40000000	22.491388	58785180	102	412	Rachel McAdams	Roger Michell
1235	40000000	10.433667	31670620	135	155	Anthony Rapp	Chris Columbus
1242	40000000	13.445697	62771059	99	205	Hilary Swank	Stephen Hopkins
1245	40000000	33.785969	60965854	108	824	Zoe Saldana	Olivier Megaton
1252	40000000	22.364549	60474340	123	642	Kirsten Dunst	Sofia Coppola
1257	40000000	41.258956	46471023	87	1176	George Clooney	Wes Anderson
1259	40000000	7.222985	14358033	99	125	Chevy Chase	John Carpenter
1260	10000000	73.720244	173921954	122	3310	Audrey Tautou	Jean-Pierre Jeunet
1263	40000000	8.303696	24719215	107	152	Drew Barrymore	Ken Kwapis
1271	33000000	28.353517	20645327	108	774	Ben Foster	Christian Alvart
1276	40000000	13.119133	22044277	91	373	Eddie Murphy	Brian Robbins
1280	20000000	31.690456	117760134	105	1006	Shia LaBeouf	D.J. Caruso
1282	0	8.048305	0	101	96	Richard Gere	Richard Shepard
1286	39200000	64.238688	86758912	126	2854	Chris Evans	Bong Joon-ho
1292	0	18.678415	69485490	102	191	Diane Keaton	Michael Lehmann
1293	39000000	27.908783	35287788	87	932	Charlie Tahan	Tim Burton
1298	80341000	14.8375	127814609	150	205	Chang Chen	John Woo
1300	38000000	22.332927	205298907	96	972	Katherine Heigl	Robert Luketic
1305	38000000	16.801218	114156230	120	850	Robert Pattinson	Francis Lawrence
1308	38000000	11.500783	51801187	114	264	Jennifer Lopez	Michael Apted
1311	53000000	6.454634	29700000	102	88	Jennifer Lopez	Luis Mandoki
1316	10000000	18.664624	47536959	110	417	Gabourey Sidibe	Lee Daniels
1318	15000000	52.731379	19629760	109	1588	Kurt Russell	John Carpenter
1319	38000000	46.630062	98337295	119	2035	Vin Diesel	David Twohy
1322	55000000	23.465539	17869048	90	605	Saoirse Ronan	Gil Kenan
1326	38000000	57.889964	109906372	112	1945	Chlo� Grace Moretz	J Blakeson
1327	37000000	57.773583	173567581	133	1915	Michael B. Jordan	Ryan Coogler
1328	37000000	24.218358	154026136	125	1468	Ben Affleck	Ben Affleck
1329	40000000	27.009723	79700000	110	594	Cameron Diaz	Kirk Jones
1333	37000000	30.993736	48451803	188	825	Julianne Moore	Paul Thomas Anderson
1334	30000000	25.825771	55583804	107	511	Bruce Willis	Kevin Smith
1335	38000000	46.078371	112343513	110	1201	Dakota Johnson	Christian Ditter
1336	37000000	6.63839	95404397	113	163	Morgan Freeman	Charles Martin Smith
1337	37000000	127.084938	392616625	122	3561	Kristen Stewart	Catherine Hardwicke
1340	37000000	100.348805	269994119	110	2972	Jason Sudeikis	Rawson Marshall Thurber
1343	36000000	23.380757	160000000	134	338	Sean Connery	Irvin Kershner
1344	36000000	33.926473	64572262	101	894	John Cusack	Steve Pink
1345	36000000	6.967857	52424533	107	96	Morgan Freeman	Charles Martin Smith
1347	36000000	19.854932	44350926	109	258	Vin Diesel	F. Gary Gray
1351	37000000	11.492474	96047633	114	556	Anthony Hopkins	Mikael H?fstr?m
1354	37000000	6.293217	63800345	81	99	Andy Samberg	Kirk De Micco
1356	35000000	82.21166	459270619	100	6173	Bradley Cooper	Todd Phillips
1362	29000000	25.767395	309208309	129	1597	Sandra Bullock	John Lee Hancock
1364	35000000	50.309843	117000000	98	2277	Jennifer Aniston	Seth Gordon
1365	38000000	49.292384	252276927	110	1668	Jeff Bridges	Joel Coen
1366	35000000	83.893257	326551094	109	3088	Meryl Streep	David Frankel
1368	35000000	34.005726	173965010	111	1645	Jason Bateman	Seth Gordon
1370	35000000	45.149948	69823199	123	1375	Jim Sturgess	Robert Luketic
1375	35000000	11.041659	86369815	100	550	Michael Angarano	Mike Mitchell
1381	35000000	9.525037	60251371	123	103	Diane Lane	Randall Wallace
1384	35000000	40.526587	150483765	109	2237	Justin Timberlake	Will Gluck
1385	35000000	50.179171	108758521	91	1462	Seth Rogen	Nicholas Stoller
1388	35000000	38.429648	88058786	134	896	Paul Rudd	Judd Apatow
1389	35000000	13.707843	92219310	88	210	Robin Williams	Walt Becker
1391	35000000	14.503568	69307224	91	253	Robin Williams	Ken Kwapis
1395	33000000	40.715623	102984862	100	2065	Milla Jovovich	Paul W.S. Anderson
1398	35000000	25.903237	85416905	100	613	Mark Wahlberg	John Moore
1399	40000000	60.231382	173930596	109	3417	Justin Timberlake	Andrew Niccol
1400	35000000	18.38292	77477008	106	458	Jennifer Lopez	Alan Poul
1401	35000000	14.029012	59901913	112	296	Kate Hudson	Luke Greenfield
1405	35000000	50.587541	120072577	150	1864	Adrien Brody	Roman Polanski
1409	35000000	28.069419	84606030	137	741	Leonardo DiCaprio	Clint Eastwood
1413	35000000	12.677505	32483410	101	238	Diane Lane	Gregory Hoblit
1420	35000000	23.835055	93246388	109	436	Emma Thompson	Susanna White
1423	31000000	22.71592	27388767	96	437	Anne Hathaway	Tommy O'Haver
1424	35000000	35.120736	50363790	123	823	Will Smith	Peter Landesman
1425	35000000	19.893646	82087155	106	961	Taylor Lautner	John Singleton
1429	56000000	29.490057	19701164	109	593	Mark Wahlberg	Allen Hughes
1431	35000000	17.709888	31083599	91	832	Joseph Gordon-Levitt	David Koepp
1436	35000000	13.668633	39340177	92	149	Brendan Fraser	Roger Kumble
1441	35000000	10.73522	18317151	96	212	John C. Reilly	Jake Kasdan
1444	35000000	16.343317	27409889	105	322	Emily Blunt	Jean-Marc Vall�e
1445	40000000	14.818718	12206028	101	220	Kate Beckinsale	Dominic Sena
1446	32000000	43.862456	54674226	139	987	Brad Pitt	Terrence Malick
1450	20500000	17.112498	10089373	102	294	Ray Stevenson	Lexi Alexander
1452	35000000	37.335721	61181942	123	1121	Joseph Gordon-Levitt	Robert Zemeckis
1465	34000000	131.815575	348319861	113	5371	Dylan O'Brien	Wes Ball
1468	35000000	24.606012	15304890	96	827	Hugh Jackman	Darren Aronofsky
1479	50000000	12.601306	79958599	101	110	Steven Seagal	Andrzej Bartkowiak
1481	34000000	12.867326	0	85	121	Brianne Siddall	Ben Stassen
1482	30000000	23.328823	64626786	89	469	Emile Hirsch	Chris Gorak
1486	33000000	35.099611	54700105	124	766	Thomas Jane	Jonathan Hensleigh
1488	30000000	31.92695	40346186	94	799	Jason Statham	Boaz Yakin
1490	32350000	46.509071	572700000	135	4665	Mark Hamill	Richard Marquand
1493	35000000	20.908494	24159934	98	394	Paul Rudd	David Wain
1498	32000000	14.642055	80197993	92	359	Jack Black	Jared Hess
1499	32500000	17.107065	288383523	125	1661	Kristen Wiig	Paul Feig
1500	32000000	38.21708	126041322	107	2359	James Franco	Seth Rogen
1503	32000000	18.47242	69055695	107	394	Chris Brown	John Luessenhop
1505	32000000	15.901137	83615414	107	313	Martin Lawrence	John Whitesell
1506	32000000	59.19888	147332697	93	2699	Jake Gyllenhaal	Duncan Jones
1508	30000000	23.197408	77566815	101	1018	Jim Carrey	Joel Schumacher
1517	32000000	25.799697	18409891	111	620	Jude Law	Miguel Sapochnik
1523	32000000	5.347936	5914908	108	86	George Clooney	Steven Soderbergh
1525	31500000	49.973462	89460381	153	2055	Martin Sheen	Francis Ford Coppola
1526	32000000	13.611544	42045846	102	262	Drew Barrymore	Nanette Burstein
1531	34000000	29.887404	210308099	126	541	Roger Moore	Lewis Gilbert
1544	31000000	6.487344	15134293	105	89	Harrison Ford	Tom Vaughan
1545	30000000	25.996219	136706683	113	821	Denzel Washington	Boaz Yakin
1546	30000000	46.212155	199200000	134	957	Alec Baldwin	John McTiernan
1553	33000000	79.579532	327311859	127	5765	Brad Pitt	David Fincher
1554	30000000	63.13678	210819611	112	3382	Sharlto Copley	Neill Blomkamp
1557	30000000	70.456012	216763646	132	2439	Clint Eastwood	Clint Eastwood
1559	29000000	55.109138	115603229	123	3067	Rachel McAdams	Nick Cassavetes
1560	30000000	30.695228	160259319	111	978	Katherine Heigl	Anne Fletcher
1561	35000000	13.788422	155545279	102	449	Miley Cyrus	Peter Chelsom
1565	25000000	33.704181	163670000	109	1205	George Clooney	Jason Reitman
1568	30000000	46.377628	47042000	118	4697	Joseph Gordon-Levitt	Rian Johnson
1572	30000000	50.670253	105173115	111	1172	Jason Segel	Nicholas Stoller
1573	45000000	24.694551	92374674	109	607	Mark Wahlberg	John Singleton
1574	30000000	11.409124	63833449	99	205	Tina Fey	Michael McCullers
1576	30000000	33.385429	114663461	89	856	Anne Hathaway	Gary Winick
1586	30000000	27.230493	152427960	131	506	Roger Moore	John Glen
1587	30000000	30.380747	192452832	85	643	Peter Sallis	Nick Park
1591	30000000	16.52083	0	105	796	Amanda Seyfried	Gary Winick
1593	30000000	14.585968	54819301	92	140	Sean Hayes	Bobby Farrelly
1594	40000000	43.571612	117195061	77	1894	Johnny Depp	Tim Burton
1598	30000000	45.083509	90810892	99	966	Alison Lohman	Sam Raimi
1599	25000000	82.052056	65663276	112	1990	Blake Lively	Lee Toland Krieger
1601	30000000	25.060342	159291809	107	582	Rick Malambri	Jon M. Chu
1603	30000000	32.26789	53653224	113	721	Will Ferrell	Marc Forster
1604	30000000	33.394082	75505973	113	767	Josh Hartnett	David Slade
1605	30000000	73.987775	66486080	95	2263	Kristen Connolly	Drew Goddard
1606	30000000	10.608998	84646831	84	359	Sean Maguire	Jason Friedberg
1610	30000000	31.191975	63782078	111	1263	Saoirse Ronan	Joe Wright
1612	30000000	20.355458	36160375	98	359	Tom Hanks	Tom Hanks
1613	30000000	63.848541	82394288	100	1463	Chlo� Grace Moretz	Kimberly Peirce
1618	30000000	48.237797	63372757	106	1323	Jude Law	Steven Soderbergh
1620	30000000	19.143721	14460000	63	258	Jim Cummings	Stephen Anderson
1628	30000000	20.063165	108609310	108	339	Ioan Gruffudd	Alister Grierson
1630	30000000	27.71063	53909751	124	457	Jason Segel	Nicholas Stoller
1632	30000000	34.421696	51148651	133	905	Russell Crowe	Paul Haggis
1633	30000000	15.89534	31070211	87	458	Milla Jovovich	Kurt Wimmer
1638	30000000	20.236951	102820008	112	1233	Jake Gyllenhaal	Edward Zwick
1640	35000000	12.779201	25224242	126	125	Charlize Theron	Niki Caro
1642	26000000	23.227877	0	104	671	Adrien Brody	Vincenzo Natali
1644	30000000	10.703602	31148328	130	240	Edward Norton	Gavin O'Connor
1646	30000000	4.352422	15368897	96	68	Luke Wilson	Rob Reiner
1648	17000000	18.27083	24922237	106	603	Anton Yelchin	Craig Gillespie
1653	30000000	43.882857	0	107	1266	Arnold Schwarzenegger	Kim Jee-woon
1656	30000000	10.694417	13521829	86	131	Hayden Panettiere	Mike Disa
1657	30000000	6.353971	18618284	108	161	Robert Redford	Lasse Hallstr?m
1659	30000000	4.952735	8454301	134	129	Paul Giamatti	Richard J. Lewis
1660	30000000	22.975918	62616646	91	543	Ben Affleck	Brad Furman
1661	30000000	8.359599	18195610	108	153	Ryan Phillippe	Peter Howitt
1669	0	3.866026	0	98	29	Cecilia Cheung	Chen Kaige
1671	30000000	35.53352	14711793	160	776	Brad Pitt	Andrew Dominik
1672	30000000	4.065212	108348	125	41	Jackie Chan	Jackie Chan
1675	30000000	13.268936	2527904	129	286	Gerard Butler	Marc Forster
1680	30000000	2.625594	0	85	7	Maksim Chukharyov	Maksim Fadeev
1682	19000000	66.242737	140752617	83	2238	Seth Rogen	Conrad Vernon
1690	29000000	20.55509	78636257	91	431	Melissa McCarthy	Ben Falcone
1695	28000000	92.982009	504050219	90	3416	Scott Weinger	Ron Clements
1696	28000000	61.76233	201634991	147	1355	O'Shea Jackson Jr.	F. Gary Gray
1697	28000000	66.976776	333000000	118	2781	Harrison Ford	Steven Spielberg
1700	29000000	19.237254	48902953	110	392	Meryl Streep	Stephen Frears
1704	28000000	57.518472	133346506	130	2607	Christian Bale	Adam McKay
1705	0	11.870161	0	120	127	Demetri Martin	Ang Lee
1707	28000000	44.529429	102356381	101	1016	Sarah Polley	Zack Snyder
1713	28000000	26.090746	195312802	127	490	Roger Moore	John Glen
1719	28000000	15.794946	92601050	104	327	Catherine Zeta-Jones	Scott Hicks
1721	28000000	25.039383	40547440	83	531	Jesse Eisenberg	Ruben Fleischer
1723	28000000	22.14595	100654149	81	493	Steve Carell	Miguel Arteta
1724	28000000	36.58383	121147947	135	1358	Keira Knightley	Joe Wright
1725	28000000	94.056131	33139618	117	3509	Harrison Ford	Ridley Scott
1735	28000000	13.145205	14010832	98	296	Natasha Henstridge	John Carpenter
1736	28000000	12.921594	7002261	108	195	Sandra Bullock	David Gordon Green
1737	28000000	28.397048	16374328	108	640	Lily James	Burr Steers
1743	27500000	25.633663	187500000	131	527	Roger Moore	John Glen
1744	30000000	22.527211	219076518	129	1214	Seth Rogen	Judd Apatow
1745	30000000	24.09152	95714875	109	598	Cameron Diaz	Nick Cassavetes
1748	15000000	12.576381	49469904	92	235	Judi Dench	Richard Eyre
1749	27500000	12.741073	24748670	120	205	Omar Metwally	Gavin Hood
1755	0	5.753705	0	117	33	Queen Latifah	Todd Graff
1756	27000000	28.227984	129000000	101	607	Hugh Grant	Chris Weitz
1760	30000000	16.698316	15395087	130	288	Jamie Campbell Bower	Roland Emmerich
1763	0	18.591657	0	110	396	Keira Knightley	Saul Dibb
1764	25000000	5.650125	11137801	109	120	Fairuza Balk	Walter Murch
1766	27000000	23.917982	29000000	109	563	Ren�e Zellweger	Christian Alvart
1773	27000000	17.193659	21148829	106	333	LL Cool J	Renny Harlin
1774	25000000	8.31653	6673422	104	127	Bruce Willis	Barry Levinson
1777	26000000	31.250383	183293131	91	788	Kevin James	Steve Carr
1779	26000000	38.473732	109449237	116	1983	Steve Carell	Judd Apatow
1783	27000000	41.832392	101624843	111	1148	Seth Rogen	David Gordon Green
1791	26000000	30.981604	67918658	100	629	Paul Bettany	Scott Stewart
1792	25000000	31.893932	86175291	130	1573	Mark Wahlberg	Michael Bay
1797	26000000	10.925618	28818995	100	144	Frankie Muniz	Kevin Allen
1808	26000000	66.097437	30523226	116	1091	Ryan Reynolds	Tarsem Singh
1810	30000000	38.171417	611899420	127	864	Jim Caviezel	Mel Gibson
1813	33000000	50.7453	269958228	116	3086	Clint Eastwood	Clint Eastwood
1814	25100000	10.445391	29506464	131	143	Josh Brolin	Oliver Stone
1818	22000000	104.469351	321365567	195	4329	Liam Neeson	Steven Spielberg
1819	25000000	42.191509	124272124	146	1910	Emma Stone	Tate Taylor
1826	25000000	46.942396	170764026	85	2251	Lizzy Caplan	Matt Reeves
1835	25000000	38.688822	147780440	107	1331	Natalie Portman	Ivan Reitman
1841	60000000	40.646102	137587063	96	1113	Josh Hutcherson	G?bor Csup?
1843	0	5.377155	0	100	35	Tyler Perry	Tyler Perry
1844	25000000	48.552871	77278331	117	1451	Liam Neeson	Joe Carnahan
1847	25000000	63.654244	46836394	145	3128	Robert De Niro	Martin Scorsese
1853	25000000	31.364901	63100000	109	770	Mark Wahlberg	Baltasar Korm?kur
1861	25000000	25.838073	70442940	97	529	Anna Faris	Fred Wolf
1863	25000000	17.312433	38307627	124	259	Jon Hamm	Craig Gillespie
1864	25000000	53.811461	66980456	94	1798	Jeff Bridges	Phillip Noyce
1867	25000000	21.729434	59192128	101	444	Dane Cook	Mark Helfrich
1874	25000000	29.533437	66122026	114	797	Freddie Highmore	Kirsten Sheridan
1884	25000000	22.622453	39171130	111	543	Mark Wahlberg	Rupert Wyatt
1888	23000000	29.365851	46152800	106	661	Taron Egerton	Dexter Fletcher
1892	25000000	24.903418	23580000	97	515	Jeffrey Dean Morgan	Sylvain White
1893	25000000	14.562197	36993168	99	341	Katie Holmes	Troy Nixey
1902	30000000	21.606001	33333531	115	597	Cameron Diaz	Richard Kelly
1909	25000000	32.854557	42972994	131	973	Tom Hardy	Brian Helgeland
1911	28000000	8.363702	10126458	91	132	Sara Paxton	David R. Ellis
1915	25000000	9.169271	15478800	122	137	Evan Rachel Wood	Robert Redford
1918	25000000	29.796394	11000000	99	705	Kurt Russell	John Carpenter
1920	25000000	51.915025	23057115	140	1272	Tom Hardy	Gavin O'Connor
1923	25000000	4.002579	11207130	113	82	Ryan Phillippe	Kimberly Peirce
1926	14000000	21.680424	85446075	92	498	Jeffrey Dean Morgan	Ole Bornedal
1928	25000000	7.473455	10324441	110	144	James Marsden	Rod Lurie
1931	32000000	41.075532	27635305	111	1087	Viggo Mortensen	John Hillcoat
1939	25000000	7.008216	2405420	95	118	Kristanna Loken	Uwe Boll
1940	25000000	20.011435	27603069	80	738	Kate Winslet	Roman Polanski
1945	13500000	30.058263	19255873	124	704	Geoffrey Rush	Giuseppe Tornatore
1948	25000000	15.279021	48531470	154	380	Fran�ois Cluzet	Guillaume Canet
1958	25000000	14.613152	8784318	137	301	Garrett Hedlund	Walter Salles
1960	24000000	30.445257	155721132	102	835	Sylvester Stallone	Sylvester Stallone
1966	24000000	24.70166	87055349	91	541	Luke Wilson	Todd Phillips
1970	24000000	27.326466	42105111	102	721	Seth Rogen	Kevin Smith
1972	24000000	20.69219	68729358	93	742	George Clooney	Grant Heslov
1978	24000000	3.113009	12372410	107	49	David Arquette	Brian Robbins
1980	24000000	8.630825	30551495	89	141	Sarah Jessica Parker	Douglas McGrath
1981	24000000	23.343839	83188165	88	581	Elisabeth Shue	Alexandre Aja
1986	24000000	26.324874	23081726	98	568	Dwayne Johnson	George Tillman, Jr.
1988	23600000	57.300674	102391382	88	3550	Jesse Eisenberg	Ruben Fleischer
1990	18000000	78.51783	538400000	124	5879	Mark Hamill	Irvin Kershner
1994	12500000	20.317469	75993061	101	910	Ryan Gosling	George Clooney
1995	23000000	18.493202	53187659	108	1789	Vin Diesel	David Twohy
1997	23000000	53.682367	47351251	126	4097	Joaquin Phoenix	Spike Jonze
2000	23000000	8.976738	18653615	114	66	Susan Sarandon	Wayne Wang
2002	23000000	26.257951	33372606	93	505	Gina Carano	Steven Soderbergh
2007	23000000	12.869436	7434726	98	82	Mickey Rourke	Simon Wincer
2008	23000000	15.676123	29541790	124	261	Tommy Lee Jones	Paul Haggis
2009	0	8.426589	0	110	246	Audrey Tautou	Anne Fontaine
2013	23000000	7.876883	5837674	139	57	Donnie Yen	Teddy Chan
2014	25000000	35.169779	94679598	104	1343	John Cusack	Mikael H?fstr?m
2015	22700000	39.890798	38119483	96	902	Mel Brooks	Mel Brooks
2016	22500000	22.096286	15520023	112	431	Russell Crowe	Russell Crowe
2018	23000000	57.110486	369884651	119	1590	Cameron Diaz	Bobby Farrelly
2021	22000000	20.699212	147880543	110	428	Dwayne Johnson	Andy Fickman
2029	22000000	81.829237	95708457	121	2512	Kate Beckinsale	Len Wiseman
2030	22000000	17.7091	57479076	108	319	Clive Owen	Mikael H?fstr?m
2031	22000000	17.772518	35424826	108	301	Matt Damon	Steven Soderbergh
2041	22000000	39.006187	63647656	106	1309	Josh Brolin	Joel Coen
2050	25000000	25.002715	72629670	96	559	Ed Skrein	Camille Delamarre
2054	2000000	16.668854	14400000	100	224	Kristen Bell	Dax Shepard
2058	22000000	12.445176	9479718	105	192	Frances Conroy	John Curran
2061	25000000	18.961323	92991835	119	501	George Clooney	Tony Gilroy
2068	9000000	20.410354	46	90	497	Matthew Macfadyen	Frank Oz
2071	21000000	63.599973	205738714	122	4742	Bradley Cooper	David O. Russell
2072	21000000	17.746981	41170784	123	356	Hilary Swank	Richard LaGravenese
2073	0	1.934524	37000000	134	22	Kimberly Elise	Tyler Perry
2075	20000000	26.21425	41627431	115	497	Sean Faris	Jeff Wadlow
2080	30000000	33.649652	0	127	840	John Hurt	Tomas Alfredson
2082	21000000	13.847872	970816	91	276	Jodie Foster	Jodie Foster
2085	18000000	68.159596	389925971	115	3854	Harrison Ford	Steven Spielberg
2088	38000000	9.662715	29907685	90	150	Kristen Bell	Jim Sonzero
2096	13000000	49.975409	318000141	112	3092	Patrick Wilson	James Wan
2099	35000000	43.057323	131282949	108	1414	Jack Black	Richard Linklater
2102	20000000	40.903931	177243185	115	934	George Clooney	Alexander Payne
2107	20000000	2.986286	60072596	121	29	Tyler Perry	Tyler Perry
2109	20000000	53.161905	207945075	110	2562	Emilia Clarke	Thea Sharrock
2110	0	7.050951	0	114	52	Tyler Perry	Tyler Perry
2112	20000000	42.512296	183936074	100	1252	Mila Kunis	Jon Lucas
2117	20000000	11.62423	67192859	89	191	Emily Deschanel	Stephen T. Kay
2123	20000000	41.503588	88346473	128	2686	Mark Ruffalo	Tom McCarthy
2125	20000000	13.906944	39143839	102	283	Sarah Michelle Gellar	Takashi Shimizu
2132	20000000	17.165039	80547866	82	315	Chris Riggi	Jason Friedberg
2136	32000000	26.509175	50907422	98	660	Trey Parker	Trey Parker
2141	20000000	30.909699	54586584	128	612	Sean Penn	Gus Van Sant
2144	19000000	17.971883	35387212	108	328	Neil Patrick Harris	Todd Strauss-Schulson
2146	0	7.924428	0	101	167	Dylan Walsh	Nelson McCormick
2147	20000000	14.857884	45636368	113	257	Helen Mirren	John Madden
2149	20000000	12.458131	0	87	171	Shannyn Sossamon	Eric Valette
2152	20000000	56.481487	72258126	108	3652	Jim Carrey	Michel Gondry
2157	20000000	28.019226	51416464	98	634	Ethan Hawke	Michael Spierig
2158	20000000	16.176976	49779728	104	525	Alice Eve	Jim Field Smith
2162	20000000	12.300789	39300000	88	124	Hayden Panettiere	Ben Gluck
2167	20000000	62.933899	83707310	96	2181	Emma Roberts	Henry Joost
2169	20000000	17.016284	0	108	255	James Woods	John Carpenter
2171	20000000	17.145287	36620508	101	220	Dane Cook	Howard Deutch
2177	20000000	20.82778	22222308	124	334	Adam Sandler	Mike Binder
2178	15000000	43.644978	56255142	148	3045	Emile Hirsch	Sean Penn
2181	19000000	64.181668	25836616	108	1603	George Clooney	Robert Rodriguez
2185	35000000	6.908351	0	88	20	Haley Joel Osment	Peter Hastings
2186	20000000	10.446722	73276047	128	394	Khalid Abdalla	Marc Forster
2187	20000000	32.243357	60427839	124	918	Sean Penn	Alejandro Gonz?lez I??rritu
2191	20000000	10.50098	17436509	120	167	Michael Moore	Michael Moore
2193	19500000	15.012237	34854990	111	336	Chiwetel Ejiofor	Billy Ray
2194	25000000	16.238961	14109284	87	240	Matt Lanter	Jason Friedberg
2197	20000000	19.220789	30426096	106	671	Chris Evans	Mark Mylod
2198	20000000	35.232278	32204030	95	715	Guy Pearce	Stephen St. Leger
2200	20000000	35.542809	34560577	96	861	Jason Statham	Brian Taylor
2202	20000000	3.476925	13391174	123	12	Tiffany Dupont	Michael O. Sajbel
2207	20000000	15.66135	17280326	108	220	John Cena	Renny Harlin
2208	20000000	19.705311	24145613	116	641	Kodi Smit-McPhee	Matt Reeves
2212	20000000	29.371987	12639297	115	797	Casey Affleck	John Hillcoat
2215	20000000	30.477114	36606743	100	950	Bradley Cooper	John Wells
2219	21000000	15.440465	0	99	284	Robert De Niro	Kirk Jones
2220	0	5.886228	9109322	88	35	Jon Voight	Bob Clark
2225	20000000	45.742217	11110975	148	833	Joaquin Phoenix	Paul Thomas Anderson
2226	0	1.682839	0	85	18	Daniel Tay	Frank Passingham
2228	20000000	2.605374	7000000	83	20	Kevin Farley	David Zucker
2233	20000000	12.232048	6420319	106	185	Jakob Salvati	Alejandro Monteverde
2234	15000000	27.133277	27462041	99	571	Keira Knightley	David Cronenberg
2235	8700000	26.093043	7659918	100	532	Keanu Reeves	Richard Linklater
2238	20000000	7.716606	5210988	111	126	Vanessa Hudgens	Todd Graff
2240	20000000	37.629309	12007070	125	546	Oscar Isaac	J.C. Chandor
2242	0	3.350297	0	119	59	Aaron Abrams	Marc Abraham
2243	20000000	13.032308	4001121	135	195	Cate Blanchett	Todd Haynes
2245	20000000	10.218307	5530764	114	203	Rachel Weisz	Rian Johnson
2251	20000000	3.102987	0	118	36	Aaron Eckhart	Angelo Pizzo
2254	40000000	8.978408	7400000	125	52	Jonathan Rhys Meyers	Roger Spottiswoode
2255	0	10.150993	0	115	97	Mark Wahlberg	James Gray
2264	20000000	10.617236	4634062	107	139	Brandon Routh	Kevin Munroe
2270	20000000	14.182301	0	83	68	Jeremy Suarez	Wayne Thornley
2274	20000000	33.625477	0	96	404	Pierce Brosnan	James McTeigue
2279	20000000	28.497242	216197492	92	1584	Cameron Diaz	Jake Kasdan
2281	19000000	25.28132	70067909	95	713	Hilary Duff	Mark Rosman
2285	19000000	76.603233	381109762	116	6079	Michael J. Fox	Robert Zemeckis
2288	27000000	1.224105	0	90	8	Erin O'Brien	Rob Hawk
2289	19000000	27.494037	49830607	101	583	Jason Bateman	Josh Gordon
2294	15000000	118.968562	274925095	125	3840	Rumi Hiiragi	Hayao Miyazaki
2297	0	57.84156	76586316	131	1486	Geoffrey Rush	Brian Percival
2298	19000000	17.952817	18755936	109	342	Josh Zuckerman	Sean Anders
2299	19000000	21.959742	29922472	100	465	Amy Adams	Anand Tucker
2301	19000000	11.766564	6928068	97	208	Topher Grace	Michael Dowse
2307	19000000	26.441669	32801173	114	638	Nicolas Cage	Spike Jonze
2311	18500000	16.665841	31912793	100	518	Ricky Gervais	Ricky Gervais
2315	18000000	29.487784	261572744	82	1579	Sacha Baron Cohen	Larry Charles
2320	16000000	33.452469	19682924	110	392	Nicolas Cage	Vic Armstrong
2323	23000000	26.58873	76488889	91	656	Billy Bob Thornton	Terry Zwigoff
2326	21000000	14.329891	72417394	99	238	Zachary Gordon	David Bowers
2329	0	9.642041	14796236	88	167	Brittany Snow	Nelson McCormick
2330	17000000	36.423717	129042871	97	2320	Lindsay Lohan	Mark Waters
2339	1000000	14.518598	21378361	89	311	Adrienne Barbeau	John Carpenter
2340	18000000	19.234672	47088990	106	342	AnnaSophia Robb	Sean McNamara
2345	18000000	13.472365	36133014	109	180	Aaron Eckhart	Brandon Camp
2351	17000000	9.191187	24000000	107	167	Steve Martin	Jessie Nelson
2354	30000000	53.670525	34441873	122	1573	Michael Fassbender	Danny Boyle
2355	18000000	14.15192	0	102	197	Hayden Panettiere	Chris Columbus
2356	18000000	13.462544	0	87	319	Michael Cera	Miguel Arteta
2360	18000000	16.520516	10501938	90	246	Ethan Hawke	Courtney Solomon
2367	0	3.659292	0	112	55	James McAvoy	Michael Hoffman
2371	18000000	31.887978	25739015	114	836	Mark Strong	Guy Ritchie
2374	25000000	1.876811	20719451	117	28	Chi Cao	Bruce Beresford
2375	18000000	32.717853	6212282	112	694	Michael Shannon	Jeff Nichols
2383	18000000	6.333869	382174	98	60	Billy Bob Thornton	Gregor Jordan
2392	20000000	33.436092	121463226	113	2100	Jonah Hill	Greg Mottola
2396	15000000	23.980329	51053787	80	479	Anne Hathaway	Cory Edwards
2397	17500000	28.60542	38000000	121	793	Don Cheadle	Terry George
2398	24000000	42.669304	99965753	89	966	Timothy Olyphant	Xavier Gens
2399	17500000	7.180403	7018189	93	16	Forest Whitaker	Kasi Lemmons
2407	16000000	23.425431	109502303	126	478	Paul Giamatti	Alexander Payne
2409	300000	30.301307	70000000	91	1035	Donald Pleasence	John Carpenter
2410	17000000	3.56033	0	87	30	Molly Shannon	John Robert Hoffman
2412	17000000	23.491962	57103895	109	534	Ryan Reynolds	Joe Carnahan
2413	20000000	36.133536	136150434	90	730	Tobin Bell	Kevin Greutert
2416	17000000	24.054062	43165571	86	849	Alex Pettyfer	Daniel Barnz
2417	15000000	35.107857	69623713	107	705	Aaron Stanford	Alexandre Aja
2422	17000000	32.746486	115350426	112	2247	Anna Kendrick	Jason Moore
2430	17000000	33.912116	97542952	91	1723	Jane Levy	Fede Alvarez
2431	17000000	5.787891	20455276	95	101	Nia Vardalos	Donald Petrie
2435	17000000	19.311572	9500000	122	331	Paul Walker	Wayne Kramer
2439	17000000	1.15641	2000000	102	19	Tippi Hedren	Noel Marshall
2442	17000000	9.349386	374743	144	153	Dwayne Johnson	Richard Kelly
2445	17000000	6.385234	9627492	82	140	Ashley Greene	Todd Lincoln 
2447	16800000	4.358255	2281089	122	73	Nicole Kidman	Steven Shainberg
2450	16500000	18.236284	37311672	120	317	Anne Hathaway	Julian Jarrold
2459	15000000	29.943316	133432856	100	1049	Jean Dujardin	Michel Hazanavicius
2460	16000000	15.788784	76514050	87	365	Odette Annable	David S. Goyer
2461	16000000	41.083914	68263166	94	1662	Bruce Willis	Wes Anderson
2465	19000000	90.809408	83258226	118	3041	Ivana Baquero	Guillermo del Toro
2468	16000000	11.807269	40492759	91	224	Minka Kelly	Christian E. Christiansen
2471	12000000	38.623178	80573774	121	2199	Simon Pegg	Edgar Wright
2480	20000000	36.764666	0	113	948	Robert Pattinson	Allen Coulter
2491	16000000	8.842869	2849142	113	90	Halle Berry	Susanne Bier
2511	18000000	2.186927	476684675	103	2414	Macaulay Culkin	Chris Columbus
2516	15000000	80.878605	356296601	122	3313	Kevin Spacey	Sam Mendes
2517	15000000	54.053576	414211549	118	2752	Colin Firth	Tom Hooper
2522	14000000	145.364591	233555708	113	5723	Benedict Cumberbatch	Morten Tyldum
2525	15000000	21.095489	75700498	92	355	Zachary Gordon	Thor Freudenthal
2526	15000000	47.455148	146497771	100	1401	Jessica Chastain	Andy Muschietti
2529	15000000	19.113278	123384128	103	338	Helen Mirren	Stephen Frears
2533	17000000	43.675191	127730736	95	1206	Daniel Radcliffe	James Watkins
2534	15000000	4.688212	66966987	87	268	Camilla Belle	Simon West
2538	17000000	11.927667	55534455	94	280	Hilary Duff	Jim Fall
2540	15000000	31.565117	61548707	98	584	Adam Scott	Michael Dougherty
2543	15000000	19.284129	44862187	104	382	Sylvester Stallone	James Mangold
2547	15000000	61.182331	123726688	123	3311	Eddie Redmayne	James Marsh
2551	15000000	12.929525	39421467	105	267	Scout Taylor-Compton	Rob Zombie
2553	15000000	19.760383	32721635	110	440	Garret Dillahunt	Dennis Iliadis
2554	15000000	10.194097	47175038	88	230	Debra Messing	Clare Kilner
2558	15000000	49.294864	78054825	100	3725	Ryan Gosling	Nicolas Winding Refn
2566	15000000	13.237835	40105542	99	295	Sandra Bullock	Phil Traill
2570	0	9.681147	0	103	245	Joey King	Elizabeth Allen Rosenbaum
2579	15000000	18.268009	20566327	94	421	Jordan Peele	Peter Atencio
2580	15000000	7.809701	20529194	117	80	Gwyneth Paltrow	Shana Feste
2582	15000000	35.395129	35485608	140	1653	Ryan Gosling	Derek Cianfrance
2583	15000000	45.317278	32556119	108	639	Pierce Brosnan	Roger Donaldson
2585	15000000	47.006162	42000000	131	1840	Jeremy Renner	Kathryn Bigelow
2587	15000000	24.612603	37930465	97	742	Brad Pitt	Andrew Dominik
2591	15000000	0.335195	22730842	85	10	Bono	Mark Pellington
2594	15000000	16.629173	59389433	107	978	Anne Hathaway	Lone Scherfig
2596	15000000	8.113634	12000000	92	97	Barry Pepper	Brian Koppelman
2606	15000000	10.9071	14867514	103	211	Hilary Duff	Sean McNamara
2607	15000000	49.230089	46189568	117	2926	Jeff Bridges	Joel Coen
2608	15000000	11.429607	10903846	116	243	Samuel L. Jackson	Craig Brewer
2610	16000000	9.717392	18928871	100	95	Angelina Jolie	Michael Winterbottom
2616	15000000	25.329493	34533783	107	1388	Colin Farrell	Martin McDonagh
2618	15000000	13.832376	8762890	102	156	Rainn Wilson	Peter Cattaneo
2619	15000000	7.446069	6405245	89	100	Alexis Bledel	Vicky Jenson
2621	15000000	21.857387	35097815	92	350	Larry David	Woody Allen
2622	15000000	0.249245	5217498	105	15	Susan Ward	Mary Lambert
2630	15000000	30.983397	9455232	104	737	Carey Mulligan	Mark Romanek
2635	15000000	15.175289	7938872	112	545	Naomi Watts	Michael Haneke
2636	0	2.414721	0	100	31	Thomas Stroppel	Khalil Sullins
2639	12000000	17.493735	9584131	84	565	David Belle	Pierre Morel
2644	8500000	9.029489	8936663	98	152	Tony Jaa	Tony Jaa
2645	12000000	22.708647	6814789	97	386	Michael Fassbender	Neil Marshall
2647	15000000	19.913961	3533227	98	290	Bradley Cooper	Ry�hei Kitamura
2648	15000000	1.897761	0	107	5	Elias Koteas	Darrell James Roodt
2653	20000000	6.459787	27187375	85	72	Jake T. Austin	Anthony Silverston
2654	7000000	49.808505	0	110	670	Antonio Banderas	Gabe Ib??ez
2657	15000000	5.294319	0	119	65	Jackie Chan	Derek Yee Tung-Sing
2661	14500000	41.493042	147298761	120	1374	Leonardo DiCaprio	Baz Luhrmann
2663	14500000	4.389363	0	98	9	Cuba Gooding Jr.	Peter Cousens
2666	15000000	59.258969	377910544	120	2827	Dev Patel	Danny Boyle
2673	15000000	13.706357	100734718	101	299	Jensen Ackles	Patrick Lussier
2675	14000000	27.17347	185438673	125	507	Roger Moore	Lewis Gilbert
2677	0	4.448494	0	111	45	Tyler Perry	Tyler Perry
2680	13000000	23.3784	114956699	105	527	Meryl Streep	Phyllida Lloyd
2682	14000000	3.650857	27515786	109	47	Janet Jackson	John Singleton
2689	14000000	6.733485	21409028	103	39	Forest Whitaker	Rick Famuyiwa
2707	0	8.387573	0	93	108	Jessica Biel	Stephan Elliott
2716	14000000	24.210698	1755212	89	418	Madeline Carroll	Rob Reiner
2717	14000000	44.135568	178043761	134	1480	Heath Ledger	Ang Lee
2722	15000000	32.306455	19422261	110	1206	Colin Farrell	Martin McDonagh
2724	18339750	32.445895	92180910	156	1037	Bruno Ganz	Oliver Hirschbiegel
2729	13000000	6.735922	98441954	105	154	Justin Bieber	Jon M. Chu
2730	13000000	91.285683	327803731	108	4430	Natalie Portman	Darren Aronofsky
2734	16000000	10.248439	77000000	117	186	Jennifer Garner	Patricia Riggen
2737	13000000	43.791745	54837234	102	763	Bill Murray	Theodore Melfi
2740	13000000	13.525704	0	88	151	DJ Qualls	Ed Decter
2742	17000000	60.829621	119100758	86	1567	Blake Lively	Jaume Collet-Serra
2750	13200000	24.656068	53830415	83	181	Idris Elba	Sam Miller
2751	18000000	37.104353	57096190	126	1399	Thomas Jane	Frank Darabont
2752	15000000	95.130041	36869414	108	4737	Domhnall Gleeson	Alex Garland
2757	19000000	24.47248	68673228	141	541	Ken Watanabe	Clint Eastwood
2760	6000000	66.11334	35401758	117	2757	Brie Larson	Lenny Abrahamson
2776	13000000	43.444135	33400000	102	2968	Logan Lerman	Stephen Chbosky
2781	14350531	30.952377	3964682	88	733	Nick Frost	Joe Cornish
2782	10000000	4.267466	303877	127	45	Zana Marjanovi?	Angelina Jolie
2783	13000000	34.532418	68572378	94	1257	Halle Berry	Brad Anderson
2793	13000000	11.892615	0	109	173	Casey Affleck	Michael Winterbottom
2797	12000000	15.817096	11293663	106	509	Ryan Gosling	Craig Gillespie
2802	15000000	7.497306	5024782	90	84	Michael Douglas	Brian Koppelman
2803	20000000	26.396191	31327899	105	1150	Danny Trejo	Robert Rodriguez
2804	12500000	6.546037	1083683	108	94	Kevin Spacey	George Hickenlooper
2807	12500000	0.903529	3878993	118	30	Clifton Collins Jr	William Dear
2808	8000000	47.584643	441306145	122	2005	Linda Blair	William Friedkin
2809	7000000	50.152327	470654000	124	2542	Roy Scheider	Steven Spielberg
2813	12000000	6.035152	96070507	122	281	Michael Ealy	Tim Story
2817	12000000	23.161754	79567667	114	504	Matthew Broderick	John Badham
2819	12000000	21.958055	81272766	110	417	Roselyn S?nchez	Mike McCoy
2823	12000000	26.219598	43493123	107	497	John Cho	Jon Hurwitz
2832	12000000	11.135734	56309766	98	281	Jessica Alba	David Moreau
2834	12000000	11.510281	31155435	93	218	Method Man	Jesse Dylan
2837	12000000	8.410688	32726956	93	85	Katy Perry	Dan Cutforth
2844	0	6.2464	0	118	72	Joan Allen	Mike Binder
2846	12000000	16.931846	23006849	104	364	Emma Roberts	Elizabeth Allen Rosenbaum
2852	12000000	16.183746	22939027	94	364	Charlize Theron	Jason Reitman
2860	14000000	26.967494	85000000	149	613	J�rgen Prochnow	Wolfgang Petersen
2865	12000000	32.940597	32248241	106	933	Jonny Weston	Dean Israelite
2877	11000000	27.65527	88489643	119	537	Song Kang-ho	Bong Joon-ho
2880	12000000	9.779444	0	97	225	Anton Yelchin	Jon Poll
2883	12000000	27.322212	12077441	99	882	Mia Wasikowska	Park Chan-wook
2884	12000000	12.664787	19271312	129	206	Tony Leung Chiu-Wai	Wong Kar-wai
2886	12000000	4.795244	0	100	41	Alex Michaeletos	Carroll Ballard
2887	12000000	5.841285	1644755	111	84	Colin Farrell	Neil Jordan
2888	12000000	5.327714	15250000	114	107	Takeshi Kitano	Takeshi Kitano
2893	12000000	11.237374	0	120	67	Kevin Kline	Marco Kreuzpaintner
2897	7500000	11.636883	0	95	192	Jeremy Northam	Vincenzo Natali
2904	12000000	11.150261	101332962	99	229	Greg Kinnear	Randall Wallace
2906	0	0.186234	0	89	2	Witney Carson	David Winters
2909	11500000	4.75919	0	101	29	Paddy Considine	Jamie Thraves
2912	11000000	126.393695	775398007	121	6624	Mark Hamill	George Lucas
2913	11500000	56.805781	94073028	102	1406	Zac Efron	Dan Mazer
2917	25000000	31.019381	93617009	116	1486	Mark Wahlberg	David O. Russell
2923	0	7.377587	0	101	142	Talulah Riley	Barnaby Thompson
2925	11000000	33.283554	41227069	101	1018	Mandy Moore	Adam Shankman
2928	11000000	31.900899	68233629	90	722	Tobin Bell	Kevin Greutert
2930	11000000	7.645979	38105395	114	158	Dakota Fanning	Gina Prince-Bythewood
2935	11000000	39.337949	62076141	111	1213	Saoirse Ronan	John Crowley
2942	11000000	21.204929	61619773	120	440	Helen Mirren	Simon Curtis
2957	0	3.122152	0	111	35	Andy Serkis	Rowan Joffe
2961	0	8.950864	0	123	25	Laura Linney	Ray Lawrence
2965	0	6.340135	0	102	112	Anna Paquin	Jaume Balaguer?
2967	10500000	56.105798	792910554	115	3269	Henry Thomas	Steven Spielberg
2968	10000000	12.792446	17500000	97	160	Meg Ryan	Jon Kasdan
2971	0	0.12082	0	135	29	Akshay Kumar	Sajid Khan
2973	12000000	5.759545	9622846	145	35	Eva Longoria	Dean Wright
2975	10000000	43.734886	225933435	126	2811	Robin Williams	Gus Van Sant
2979	28000000	14.754281	90449929	98	568	Kirsten Dunst	Peyton Reed
2980	10000000	53.727146	118587880	105	1306	Elizabeth Mitchell	James DeMonaco
2982	10000000	29.244768	139352633	93	903	Tobin Bell	Darren Lynn Bousman
2991	10000000	25.929893	40485039	90	454	Keanu Reeves	Stephen Herek
2993	10000000	21.258991	136836156	124	459	Bill Nighy	John Madden
2997	10000000	38.179483	64188367	97	1102	Lauren Cohan	William Brent Bell
2998	10000000	30.934688	33583175	80	816	Chris Messina	John Erick Dowdle
3004	10000000	14.543435	30652890	130	823	Ben Affleck	Kevin Smith
3009	8500000	4.844451	34411240	84	70	Jesse Bradford	John Polson
3013	65000000	31.974359	143695338	102	679	Bryce Dallas Howard	David Lowery
3015	10000000	26.090495	52882018	97	581	Shannyn Sossamon	Ciaran Foy
3018	10000000	22.888173	42333295	98	441	Milla Jovovich	Olatunde Osunsanmi
3020	0	2.580808	0	123	13	Wesley Snipes	Leon Ichaso
3026	0	6.27141	0	101	34	Abigail Breslin	Patricia Rozema
3027	0	11.158906	0	100	203	Hilary Duff	Mark Rosman
3036	10000000	7.944457	0	92	201	Harry Styles	Morgan Spurlock
3042	5000000	27.247013	58978653	108	1049	Jason Bateman	Joel Edgerton
3051	10000000	14.038512	6110000	90	179	Will Forte	Jorma Taccone
3054	10000000	12.067921	0	95	145	Eva Longoria	Jeff Lowell
3056	0	10.254807	6861102	87	135	Anne Heche	Miguel Arteta
3057	20000000	73.567232	23875127	119	3016	Edward Norton	Tony Kaye
3062	0	0.753481	0	96	34	Stephen Dorff	Scott Kalvert
3064	10000000	14.905357	33000000	100	238	Simon Pegg	David Schwimmer
3072	0	4.725357	0	112	41	Samantha Mathis	John Putch
3075	6500000	28.223163	98410061	112	1149	Sandra Bullock	Paul Haggis
3078	0	8.326131	0	120	90	Scott Mechlowicz	Victor Salva
3079	10000000	3.919057	0	97	51	Nick Swardson	Tom Brady
3081	10000000	19.865989	40055439	95	448	Natalie Dormer	Jason Zada
3083	10000000	19.263477	7587485	97	383	Ben Stiller	Noah Baumbach
3085	0	6.948401	0	98	168	Ralph Fiennes	David Cronenberg
3091	10000000	16.436178	3665069	102	425	Matthew McConaughey	William Friedkin
3092	10000000	14.979375	7022728	96	210	David Duchovny	Derrick Borte
3098	5000000	6.265659	1296184	106	86	John Cusack	Joshua Seftel
3105	10000000	2.85283	0	111	29	Sigourney Weaver	Dan Harris
3107	10000000	9.805551	295750	99	177	Robin Williams	Bobcat Goldthwait
3108	0	12.898984	0	96	169	Danny Dyer	Christopher Smith
3109	10000000	2.803642	0	82	50	William H. Macy	Stuart Gordon
3116	0	1.388136	0	90	19	Justin Timberlake	Michael Meredith
3119	0	0.122874	140987	94	4	Corbin Bleu	William Dear
3124	0	7.245108	0	94	130	Adrienne Pickering	Andrew Traucki
3132	0	1.259968	0	99	9	Shabana Azmi	Gurinder Chadha
3138	10000000	3.753703	0	89	27	Sienna Guillory	William Phillips
3139	9500000	19.978021	17164377	107	737	Jesse Eisenberg	Greg Mottola
3143	9500000	28.675891	111584787	117	531	Sean Connery	Lewis Gilbert
3149	12899867	19.747809	85582407	121	406	Pen�lope Cruz	Pedro Almod?var
3151	10000000	3.193777	0	89	51	Michael Angarano	Jared Hess
3156	0	5.499412	0	92	83	Josh Lucas	Kriv Stenders
3158	11000000	94.184658	104931801	117	4470	Tom Skerritt	Ridley Scott
3162	5500000	31.036	141195658	130	562	Sean Connery	Terence Young
3163	10000000	10.424596	0	93	129	Shanley Caswell	Joseph Kahn
3165	9000000	6.717994	41590886	118	66	Jada Pinkett Smith	F. Gary Gray
3195	9000000	0.717811	771499	130	14	Q'orianka Kilcher	Marc Forby
3198	9000000	2.009597	1046166	97	12	Kip Pardue	Meiert Avis
3201	9000000	4.799022	0	103	75	Sarah Michelle Gellar	Emily Young
3203	0	3.891186	0	76	27	Terence Stamp	Martyn Pick
3205	7347125	3.949796	0	122	40	Brendan Cowell	Jeremy Sims
3218	8500000	40.28709	43528634	100	1322	Mae Whitman	Ari Sandel
3222	8500000	9.230073	4440055	119	107	Abbie Cornish	Jane Campion
3223	12000000	14.719886	42345360	145	232	Shah Rukh Khan	Karan Johar
3234	8500000	89.095538	38697217	117	3395	Jake Gyllenhaal	Dan Gilroy
3238	8000000	14.793177	100523181	102	1686	Greg Kinnear	Jonathan Dayton
3245	8000000	33.372828	39187783	100	1261	Joseph Gordon-Levitt	Jonathan Levine
3249	0	3.467923	0	80	18	Mahershala Ali	Justin Tipping
3251	6500000	25.289665	81974493	142	456	George Lazenby	Peter R. Hunt
3254	8000000	4.932893	18948425	112	81	Keke Palmer	Doug Atchison
3256	8000000	13.987772	29010817	97	99	Ren�e Zellweger	Jonas Elmer
3260	8000000	13.517017	10629321	118	261	Sean Patrick Flanery	Troy Duffy
3263	8000000	45.395839	74952305	92	2210	Emma Stone	Will Gluck
3266	8000000	11.837067	10130000	104	134	Aimee Teegarden	Joe Nussbaum
3276	8000000	13.143045	6491240	101	672	Keir Gilchrist	Ryan Fleck
3281	0	10.621353	0	75	181	Evan McGuire	Tomm Moore
3283	8000000	7.433574	852872	112	63	Edward Norton	David Jacobson
3288	8000000	5.244518	426224	91	135	Billy Connolly	Andrew Currie
3290	8000000	10.791954	3453043	98	215	Bill Nighy	Jonathan Lynn
3296	8000000	39.338097	553171	124	773	Mitsuo Iwata	Katsuhiro ?tomo
3301	0	9.100352	2455831	93	177	Piper Perabo	Ol Parker
3303	7800000	11.000654	22441323	102	153	Charlotte Rampling	Fran�ois Ozon
3313	7500000	16.990308	26096852	100	409	Carey Mulligan	Lone Scherfig
3319	7500000	0.571663	3347647	110	7	Sam Hennings	Russell Holt
3320	8000000	14.652342	10848783	92	192	Jason Bateman	Mike Judge
3325	8000000	7.802245	5634828	113	132	Glenn Close	Rodrigo Garc?a
3329	0	9.983004	0	92	244	Chris Massoglia	Joe Dante
3330	7500000	25.281197	19000000	107	841	J�rgen Vogel	Dennis Gansel
3331	7000000	38.150787	1333124	117	887	Elle Fanning	Nicolas Winding Refn
3334	7500000	19.782725	231411584	96	2244	Ellen Page	Jason Reitman
3336	7200000	34.634181	116019547	120	553	Sean Connery	Guy Hamilton
3337	6000000	143.659698	245066411	175	5893	Marlon Brando	Francis Ford Coppola
3339	7500000	45.610993	60722734	95	2904	Joseph Gordon-Levitt	Marc Webb
3341	7000000	35.897151	167221571	110	1040	Channing Tatum	Steven Soderbergh
3343	7000000	30.465138	161777836	121	533	Roger Moore	Guy Hamilton
3344	7000000	5.675535	0	95	69	Frankie Muniz	Jay Russell
3345	0	29.173266	55447968	112	620	Ryan Reynolds	Adam Brooks
3346	6600000	4.492455	37710610	112	56	Paula Patton	Salim Akil
3347	7000000	17.717681	54600000	93	273	David Strathairn	George Clooney
3348	7000000	17.434862	49084830	114	384	Philip Seymour Hoffman	Bennett Miller
3351	7000000	30.214716	97572000	125	524	Roger Moore	Guy Hamilton
3357	0	16.754452	0	107	322	Sid Haig	Rob Zombie
3358	700000	29.761163	17986781	103	691	Shameik Moore	Rick Famuyiwa
3360	7000000	19.301432	16829545	89	306	Sid Haig	Rob Zombie
3365	7000000	8.079046	14618727	116	139	Gugu Mbatha-Raw	Gina Prince-Bythewood
3376	7000000	15.212569	0	91	133	John C. Reilly	Jay Duplass
3381	0	1.799504	0	100	8	Hans Matheson	John Stephenson
3390	7000000	13.635828	382946	106	212	Joseph Gordon-Levitt	Spencer Susser
3394	7000000	8.184588	573335	103	164	Julianne Moore	Peter Sollett
3395	7000000	2.26778	453079	108	29	Kevin Kline	Shari Springer Berman
3399	6000000	34.917447	30471	108	837	Willem Dafoe	Troy Duffy
3401	7000000	5.060656	0	84	85	Val Kilmer	Francis Ford Coppola
3414	6800000	21.285206	7103838	130	479	Lubna Azabal	Denis Villeneuve
3416	0	3.810943	0	88	24	Cillian Murphy	Ian Fitzgibbon
3417	4000000	23.604936	0	115	504	Wagner Moura	Jos� Padilha
3418	6500000	60.225219	255273813	99	1517	Annabelle Wallis	John R. Leonetti
3433	6500000	16.574756	2401510	116	305	Brit Marling	Zal Batmanglij
3436	6500000	8.432401	1521261	113	119	Ben Foster	Oren Moverman
3439	6400000	74.234793	78371200	108	4128	Arnold Schwarzenegger	James Cameron
3440	4800000	11.086001	79384880	121	586	Daniel Br�hl	Wolfgang Becker
3454	6000000	64.025031	23341568	106	3254	Stephen Baldwin	Bryan Singer
3457	6000000	40.196514	44703995	109	1000	Mickey Rourke	Darren Aronofsky
3460	6000000	24.351305	50244700	99	703	Kurt Russell	John Carpenter
3462	6000000	12.601677	18197398	89	91	Cuba Gooding Jr.	Fred Savage
3474	6000000	14.988746	13231461	96	379	Bradley Cooper	Brian Klugman
3475	0	5.754416	0	84	103	Will Ferrell	Matt Piedmont
3477	6000000	19.411141	19560274	96	372	Brendan Gleeson	John Michael McDonagh
3479	6000000	26.218912	10409377	97	817	James Woods	Sofia Coppola
3486	0	1.273773	0	96	9	Alexis Kendra	Jon Knautz
3495	6000000	0.215464	399611	97	12	Aidan Quinn	Rick Bieber
3507	12000000	10.19041	66351	95	224	Eric Bana	Stefan Ruzowitzky
3513	6000000	6.349218	32251	86	87	Anne Hathaway	Kate Barker-Froyland
3514	4000000	5.013575	530048	103	66	Martijn Lakemeier	Martin Koolhoven
3517	0	2.204138	0	91	12	Dermot Mulroney	Christopher Bessette
3520	3500159	22.054546	76578641	112	578	Parminder Nagra	Gurinder Chadha
3524	5600000	22.341462	18469680	85	489	Manuela Velasco	Jaume Balaguer?
3525	0	0.305922	531826	105	6	Kayla Jackson	Stewart Raffill
3534	5500000	2.141143	4865000	95	16	Dorothy Stratten	William Sachs
3536	4361898	2.080741	3031801	92	28	Luke Kirby	?mile Gaudreault
3542	5500000	3.21392	0	100	31	Nao Omori	Hitoshi Matsumoto
3545	8000000	3.653305	0	96	28	Jennifer Connelly	George Ratliff
3549	0	9.451228	0	94	140	Richard Coyle	Jon Wright
3553	0	0.075817	0	130	7	Abhishek Bachchan	Rohan Sippy
3554	5000000	48.375848	0	106	1211	Patrick Wilson	James Wan
3556	15000000	53.698683	108286421	103	2468	Mary Elizabeth Winstead	Dan Trachtenberg
3559	5000000	29.15813	205703818	83	669	Katie Featherston	Henry Joost
3572	3300000	20.304235	64110728	83	505	Olivia Wilde	David Gelb
3573	9000000	60.715151	39723096	113	4028	Guy Pearce	Christopher Nolan
3583	10000000	15.688439	17273593	90	365	Paul Rudd	Jesse Peretz
3586	5000000	26.510558	40100000	93	766	Perdita Weeks	John Erick Dowdle
3594	5000000	62.554173	31724284	94	1551	James Franco	Harmony Korine
3598	0	8.309894	0	82	48	Haley Bennett	Mickey Liddell
3604	5000000	17.028252	25562924	86	356	Ryan Robbins	Gonzalo L?pez-Gallego
3605	5000000	19.336367	16174377	102	255	Amy Adams	Christine Jeffs
3609	20000000	14.947588	21164799	92	331	Marlon Wayans	Michael Tiddes
3624	5000000	46.114184	9760104	97	1794	Sam Rockwell	Duncan Jones
3628	4000000	4.992475	41424067	120	91	Lambert Wilson	Xavier Beauvois
3629	5000000	6.174435	4040588	110	60	Alan Rickman	Randall Miller
3631	5000000	8.753409	3049135	99	294	Melanie Lynskey	Peter Jackson
3633	5000000	9.169411	2614773	97	208	Rebecca Hall	Dan Rush
3638	5000000	10.095184	5129058	91	165	Nicole Kidman	John Cameron Mitchell
3640	5000000	30.001024	3220371	95	683	Anton Yelchin	Jeremy Saulnier
3642	5000000	1.731035	846704	99	15	Eric Allan Kramer	James Manera
3645	0	0.080704	0	136	2	Darshan Jariwala	Feroz Abbas Khan
3653	5000000	38.94708	98450062	94	1360	Olivia DeJonge	M. Night Shyamalan
3657	5000000	9.136965	0	107	202	Luis Tosar	Jaume Balaguer?
3664	0	1.985243	0	95	24	Patrick Stewart	Mitch Davis
3669	0	0.40703	0	0	0	Paul Ben-Victor	Marcia Bennett
3671	5000000	8.618793	0	88	102	Lily-Rose Depp	Kevin Smith
3677	4800000	38.83192	80578934	94	887	Jay Hernandez	Eli Roth
3678	0	3.500741	0	94	43	Steve Coogan	Michael Winterbottom
3690	4600000	6.368933	0	100	93	Jacques Gamblin	Michel Leclerc
3696	6000000	29.834065	254700832	117	632	Hugh Grant	Mike Newell
3705	5000000	10.274542	10429707	98	121	Sarah Drew	Jon Erwin
3711	0	17.074843	23803308	115	356	Choi Min-sik	Park Chan-wook
3715	0	5.223096	623528	98	73	Sam Shepard	Mateo Gil
3717	4500000	14.570359	3606395	104	251	Liam Neeson	Agnieszka Wojtowicz-Vosloo
3731	4200000	16.536374	0	98	1000	Zac Efron	Kenny Ortega
3734	3705538	8.839651	62548947	112	176	Stephen Rea	Neil Jordan
3736	4000000	10.789912	0	90	116	Alan van Sprang	George A. Romero
3742	4000000	40.016306	187112	95	593	Arnold Schwarzenegger	Henry Hobson
3743	3600000	22.030517	49800000	112	360	Nicolas Cage	Mike Figgis
3746	4000000	24.161735	52425855	91	1022	Jennifer Lopez	Rob Cohen
3748	3500000	15.338211	34705850	106	506	Julianne Moore	Lisa Cholodenko
3749	4000000	29.852608	13008928	94	550	Roddy Piper	John Carpenter
3754	4000000	17.229537	31584901	96	420	Scarlett Johansson	Woody Allen
3772	4000000	6.091951	2426851	90	80	Ben Kingsley	John Dahl
3778	0	12.690224	1406224	83	415	Freddie Highmore	Gavin Wiesen
3784	3000000	1.204941	302204	109	23	Dan Futterman	Stefan Schwartz
3787	0	0.502396	0	87	6	Craig Ferguson	Kevin Allen
3789	9500000	21.230737	120000	104	307	Clive Owen	David Schwimmer
3795	650000	12.496261	33245	98	285	Danielle Harris	Jim Mickle
3806	4000000	12.822534	0	93	118	Jessica Alba	Phil Joanou
3807	0	4.989985	0	84	207	Xavier Samuel	Sean Byrne
3808	4000000	1.390659	0	78	8	Kristen Quintrall	Chris Stokes
3817	967686	20.544999	4270000	101	423	Riz Ahmed	Chris Morris
3821	3800000	2.201678	0	95	21	Brian Cox	Dagur K?ri
3822	4000000	3.771652	13401952	109	66	Samuel Anderson	Nicholas Hytner
3827	3500000	25.5748	28215918	91	503	Ice Cube	F. Gary Gray
3835	3500000	50.319662	40423945	92	1434	Anya Taylor-Joy	Robert Eggers
3843	1000000	20.466433	0	86	476	Ian Ziering	Anthony C. Ferrante
3845	3500000	12.982319	4159678	103	583	Otto Jespersen	Andr� ?vredal
3855	3500000	1.618138	0	100	0	Oscar Isaac	Charles Ferguson
3861	8000000	17.537154	127392239	80	358	Morgan Freeman	Luc Jacquet
3862	3500000	26.259389	19504039	107	524	Kevin Spacey	J.C. Chandor
3865	3300000	192.528841	13092000	105	4254	Miles Teller	Damien Chazelle
3866	3300000	44.356711	30641770	130	1814	Alexandre Rodrigues	Fernando Meirelles
3868	3400000	6.723057	0	118	47	Kat Dennings	Nathan Frankowski
3879	0	8.308442	2277396	99	150	Hugh Dancy	Max Mayer
3880	0	3.027892	0	101	101	Catalina Sandino Moreno	Joshua Marston
3881	3200000	11.933449	5332926	105	347	Ewan McGregor	Mike Mills
3883	2700000	17.332585	141000000	109	418	John Belushi	John Landis
3884	2500000	47.812466	124881062	110	987	Sean Connery	Guy Hamilton
3885	2400000	11.753553	0	110	112	Caleb Landry Jones	Brandon Cronenberg
3887	4000000	63.513324	16491080	93	2655	Ewan McGregor	Danny Boyle
3889	3000000	22.789649	177512032	91	722	Katie Featherston	Tod Williams
3891	4000000	11.414843	35564473	120	453	Michael Moore	Michael Moore
3901	16000000	9.18885	68411275	93	137	Veronica Taylor	Michael Haigney
3920	3000000	5.003615	7282851	97	94	James Le Gros	Don Coscarelli
3936	3000000	2.504169	9879971	94	94	Presley Chweneyagae	Gavin Hood
3942	3000000	16.900433	748453	86	211	Rutger Hauer	Jason Eisener
3947	0	3.750338	0	99	67	Greta Gerwig	Whit Stillman
3949	3000000	20.95282	11947954	87	444	Kirsten Dunst	Leslye Headland
3957	0	9.342465	0	88	15	Ciar?n Hinds	Conor McPherson
3976	0	5.485217	0	80	54	Scott Adkins	Isaac Florentine
3979	3000000	1.781462	103735	93	36	Zoe Sloane	Heidi Ewing
3986	2777000	67.417542	33754967	102	1642	Judy Garland	Victor Fleming
4001	0	1.73892	0	86	22	Artie Lange	Frank Sebastiano
4003	2600000	19.02965	553198	92	308	Karra Elejalde	Nacho Vigalondo
4007	0	0.545825	0	97	47	Joe Cross	Joe Cross
4008	2500000	18.661541	60141683	86	516	Marlon Wayans	Michael Tiddes
4014	0	9.799357	32230907	74	95	Kevin Hart	Leslie Small
4022	2500000	23.419061	3325038	85	450	Frank Langella	Jake Schreier
4024	2500000	25.722747	6854611	95	1048	Miles Teller	James Ponsoldt
4025	0	9.774126	0	101	197	Bill Maher	Larry Charles
4032	2500000	4.624691	107559	90	40	Leonor Varela	Alex Rivera
4033	2500000	12.204569	324138	96	441	Rainn Wilson	James Gunn
4040	2500000	1.759506	0	110	19	Kevin Leslie	Zackary Adler
4041	2380000	8.395624	8176544	101	363	Thomas Turgoose	Shane Meadows
4050	2280000	32.875469	83320000	124	808	Deems Taylor	David Hand
4066	1500000	31.691617	30448000	78	934	Manuela Velasco	Jaume Balaguer?
4069	0	2.122451	0	77	36	Louise Brealey	Neil Mcenery-West
4071	2000000	41.298723	78898765	115	760	Sean Connery	Terence Young
4079	2000000	15.557144	11540607	118	353	Hilary Swank	Kimberly Peirce
4082	1000000	5.961119	34522221	129	77	Alex Kendrick	Alex Kendrick
4087	0	7.792851	6003587	101	120	Paul Giamatti	Shari Springer Berman
4088	2700000	14.799323	15992615	80	718	Ethan Hawke	Richard Linklater
4092	2000000	20.834883	13831503	100	565	Jennifer Lawrence	Debra Granik
4096	2000000	16.930914	7871522	109	286	Matt Damon	Charles Ferguson
4099	2000000	12.999023	5967038	120	197	Christian Bale	David Ayer
4103	2000000	14.846001	5179037	101	140	Sook-Yin Lee	John Cameron Mitchell
4106	2000000	2.283796	1431623	102	23	Campbell Scott	Charles Ferguson
4109	0	4.749885	876302	104	77	Michelle Williams	Kelly Reichardt
4122	13500000	5.16023	187674	129	32	Jeremy Irvine	Roland Emmerich
4125	0	2.952932	0	97	13	William Brent	Bill Muir
4133	0	5.099368	0	98	40	Emily Browning	Catherine Hardwicke
4134	0	6.632891	0	86	124	James Corden	Phil Claydon
4137	1000000	13.222268	0	92	381	Sean Rogerson	Colin Minihan
4139	2000000	9.68793	0	98	84	Melissa Joan Hart	Chris Shadley
4142	0	0.174311	0	103	2	Linus Roache	Simon Yin
4149	0	0.209475	0	106	8	Will Keenan	Paul Bunnell
4158	2000000	1.187764	0	92	19	Dolph Lundgren	Jerry Dugan
4162	1987650	32.841229	19152480	94	827	Ryan Reynolds	Rodrigo Cort�s
4163	0	8.518866	864659	97	443	Craig Roberts	Richard Ayoade
4164	0	4.892203	0	88	55	Khalid Abdalla	Jehane Noujaim
4167	0	14.331992	2957978	94	275	Philippe Petit	James Marsh
4170	1800000	14.838986	67738090	87	328	Ashley Bell	Daniel Stamm
4171	0	1.950959	0	98	244	Aaron Taylor-Johnson	Sam Taylor-Johnson
4174	1800000	2.179428	0	118	36	Gael Garc?a Bernal	Carlos Carrera
4175	1800000	12.471239	21107746	93	403	Quvenzhan� Wallis	Benh Zeitlin
4180	0	0.692497	621951	87	88	Morgan Spurlock	Morgan Spurlock
4182	0	0.749699	0	108	9	Tshewang Dendup	Khyentse Norbu
4191	1493619	2.492747	0	90	19	Natasha Henstridge	Richard Boddington
4192	0	2.756435	23311391	106	28	Kate del Castillo	Patricia Riggen
4203	0	2.160586	0	102	24	AJ Michalka	Brad J. Silverman
4224	1500000	58.594852	97009150	103	1737	Patrick Wilson	James Wan
4229	1500000	15.017068	3566225	104	342	Aubrey Plaza	Maggie Carey
4237	0	12.677016	0	83	159	Joel David Moore	Adam Green
4240	1500000	7.5591	173066	86	107	Bruce Campbell	Bruce Campbell
4246	2000000	1.20173	0	90	16	Michelle Monaghan	James Mottern
4248	1500000	14.504326	1165882	101	242	Sheri Moon Zombie	Rob Zombie
4249	0	10.322858	0	109	358	Morgana O'Reilly	Gerard Johnstone
4255	0	0.71087	0	102	7	Roni Akurati	Frank Lotito
4257	1500000	2.815228	0	90	52	Taryn Manning	Tara Subkoff
4259	1488423	80.171283	184925486	83	1914	Adriana Caselotti	David Hand
4263	2000000	1.193219	0	101	6	Allison Paige	Alex Ranarivelo
4266	0	0.43049	0	91	0	James Oliver	David Worth
4268	1350000	16.032594	3897569	105	1648	Jason Flemyng	Guy Ritchie
4286	15000000	0.165909	0	87	2	Georgina Cordova	Deryck Broom
4299	1200000	3.085411	2861020	114	24	Scott Elrod	David Boyd
4302	1200000	88.377076	6000000	161	2311	Eli Wallach	Sergio Leone
4304	1250000	1.6116	0	106	25	Marshall Allman	Steve Taylor
4306	900000	0.097913	25000	97	6	Samantha King	L�a Pool
4317	0	1.906151	0	91	26	Sienna Guillory	Jay Alaimo
4326	1100000	40.285095	4105187	101	1055	Iko Uwais	Gareth Evans
4330	0	4.653047	0	84	90	Talia Zucker	Joel Anderson
4331	1250000	3.000435	0	156	27	Ranbir Kapoor	Shimit Amin
4339	950000	48.901542	59600000	110	940	Sean Connery	Terence Young
4340	0	20.649145	18112929	88	483	Jesse McCartney	Bradley Parker
4345	3500000	26.881611	16566240	112	890	Ryan Gosling	Derek Cianfrance
4346	1000000	9.773398	13350369	103	144	Felicity Huffman	Duncan Tucker
4347	1000000	13.152822	101758490	83	262	Fernanda Andrade	William Brent Bell
4348	2090000	4.289003	40000000	109	53	Dolly Read	Russ Meyer
4350	1000000	14.139004	46243000	100	251	Al Gore	Davis Guggenheim
4352	0	2.162522	0	122	44	Mick Jagger	Martin Scorsese
4356	0	15.017162	0	94	217	Michael Pollan	Robert Kenner
4357	0	1.86221	5355847	107	35	Rachel Hendrix 	Andrew Erwin
4360	0	17.806082	3538446	101	277	Elizabeth Olsen	Sean Durkin
4366	1000000	5.323184	1678874	92	59	Martin Sheen	Chris Paine
4372	1000000	5.06516	0	94	115	Trey Parker	Trey Parker
4373	0	3.65924	0	108	30	Paul Schneider	David Gordon Green
4378	0	8.542921	0	88	160	Patrick Fugit	Goran Dukic
4381	1000000	8.887411	444575	115	210	Anwar Congo	Joshua Oppenheimer
4382	1000000	0.748565	274661	106	53	Brian Keith Allen	Alex Gibney
4386	1000000	1.883947	0	92	29	Genevieve Bachman	Anthony Powell
4388	1000000	0.341461	0	114	5	Randy Wayne	Johnny Remo
4391	0	6.507094	14870	93	135	David Hyde Pierce	Nick Tomnay
4393	1000000	0.340019	0	104	7	Jesse Bradford	Nickolas Perry
4398	1000000	1.50211	0	97	25	Benjamin Dickinson	Benjamin Dickinson
4411	0	0.023681	0	87	3	Vernel Bagneris	Mary Pat Kelly
4414	0	1.563711	0	92	31	Janette Armand	Kevin Hamedani
4421	0	6.679954	0	95	117	Liam Boyle	Robert Heath
4428	950000	7.310879	0	87	92	Ted Levine	Blair Erickson
4429	950000	8.976128	0	100	155	Britt Robertson	Allison Burnett
4433	930000	5.974156	30905	100	66	Krysten Ritter	Kat Coiro
4436	950000	25.918007	7022209	103	701	Patrick Wilson	David Slade
4439	0	20.967146	17385830	85	390	Michael B. Jordan	Ryan Coogler
4441	858000	47.651878	267447150	70	1405	Donnie Dunagan	David Hand
4447	0	9.436431	3094813	91	163	Rashida Jones	Lee Toland Krieger
4450	0	5.023091	0	86	62	Stephen Dorff	Nick Love
4464	800000	11.205726	1984662	91	311	Charlotte Frogner	Tommy Wirkola
4471	0	5.498834	0	89	43	Kevin Hart	Tim Story
4473	750000	14.386807	78396	102	219	Sara Paxton	Ti West
4476	0	3.283886	0	99	52	Nichola Burley	Olly Blackburn
4477	750000	12.284939	0	90	209	Amber Heard	Jonathan Levine
4482	700000	7.731064	1667192	97	31	Paul Dano	Michael Cuesta
4483	0	2.868942	0	104	31	Kara Hayward	Caryn Waechter
4485	700000	12.378031	4911725	107	240	Ryan Gosling	Ryan Fleck
4486	700000	0.578798	10508	107	0	Valerie Red-Horse	Valerie Red-Horse
4496	60000	41.690578	248000000	81	1055	Michael C. Williams	Daniel Myrick
4507	560000	10.730056	12299668	88	168	John Lennon	Richard Lester
4511	500000	6.093989	33456317	122	100	Kirk Cameron	Alex Kendrick
4515	0	1.292948	0	87	22	Kathryn Burns	Matt Walsh
4519	0	0.05021	0	120	21	Randy Wayne	Brian Baugh
4524	500000	0.109579	845188	93	2	Rachel Dratch	Joseph Dorman
4526	0	0.082978	0	101	4	Kirby Heyborne	Kurt Hale
4528	500000	8.519202	603943	90	106	Rory Culkin	Jacob Aaron Estes
4533	0	17.378455	343341	90	356	Olivia Wilde	Joe Swanberg
4539	500000	9.108949	98017	85	251	Thomas F. Duffy	Quentin Dupieux
4542	500000	26.406001	4242978	94	587	Whitney Able	Gareth Edwards
4545	500000	2.391847	0	87	34	Jacob Zachar	Alex Craig Mann
4558	0	0.674398	0	0	2	Terrance Zdunich	Darren Lynn Bousman
4559	0	0.072359	0	90	0	Joseph E. Murray	Justin Paul Miller
4569	0	0.136721	0	0	0	Caitlin Fitzgerald	Matthew Watts
4576	0	25.349758	258384	90	462	Macon Blair	Jeremy Saulnier
4577	15000	47.456823	193355800	86	1316	Katie Featherston	Oren Peli
4579	400000	64.782984	5028948	91	1708	Graham Chapman	Terry Gilliam
4597	0	0.59458	0	84	8	Amos Oz	Mor Loushy
4600	0	0.049921	0	90	6	Carol Block	Doug Block
4605	0	28.858238	110197	94	332	Hristos Passalis	Yorgos Lanthimos
4606	300000	1.314576	7808524	112	26	Tupac Amaru Shakur	Lauren Lazin
4610	300000	4.270596	0	81	64	Katie Holmes	Peter Hedges
4629	300000	2.733725	0	97	45	Kevin Corrigan	Jack Perez
4630	0	8.942203	319285	90	221	Ann Dowd	Craig Zobel
4631	250000	20.601483	12021272	113	433	Ben Affleck	Kevin Smith
4643	250000	21.825564	3542353	90	381	Anton Yelchin	Drake Doremus
4647	250000	6.978907	56825	99	75	Lindsay Lohan	Paul Schrader
4648	0	0.493223	0	86	6	Judy Marte	Lori Silverbush
4649	0	5.251143	0	92	57	Michael Shannon	Jeff Nichols
4650	0	20.265518	0	101	523	Luke Mably	Stuart Hazeldine
4655	250000	0.065103	0	96	7	Sophie Bolen	Tom Seidman 
4664	230000	18.450613	2260712	92	733	Tom Hardy	Nicolas Winding Refn
4666	225000	0.126676	111300	86	6	Donald Austin	Tom Putnam
4675	200000	0.616283	2295733	101	10	Michael Joiner	David Evans 
4687	0	1.948435	0	86	34	Marianna Palka	Marianna Palka
4688	0	31.339015	0	87	687	David Lee Smith	Richard Schenkman
4695	180000	7.072118	900000	89	112	Mohammad Amir Naji	Majid Majidi
4696	8000	1.041254	469947	96	163	Tom Cullen	Andrew Haigh
4701	150000	0.132878	15200000	97	18	Simon Chuckster	Melvin Van Peebles
4704	160000	19.052179	20710513	85	453	Glen Hansard	John Carney
4711	0	2.557258	0	73	11	Lisa Ann	Deborah Anderson
4717	125000	12.833247	3200000	90	137	Mark Duplass	Lynn Shelton
4718	120000	2.213889	0	88	24	David Hewlett	David Hewlett
4720	8500000	9.452808	15861566	120	178	Nate Parker	Nate Parker
4722	100000	4.563698	10178331	111	64	James Blackwell	Alex Kendrick
4723	100000	18.045782	42664410	87	361	Cassidy Gifford	Travis Cluff
4738	60000	27.788067	3221152	84	586	Sean Gullette	Darren Aronofsky
4746	0	0.176377	0	75	4	Mark Strano	Wade Gasque
4758	4000000	27.662696	600896	95	631	Brenton Thwaites	William Eubank
4760	0	0.76368	0	83	4	Paul Eenhoorn	Chad Hartigan
4765	0	0.160779	0	83	8	Kyle Hoskins	Travis Legge
4766	0	3.277287	321952	117	64	Robbie Robertson	Martin Scorsese
4772	31192	1.330379	10000	89	26	Robert Hill	Ben Wheatley
4773	27000	19.748658	3151130	92	755	Brian O'Halloran	Kevin Smith
4781	22000	0.048948	0	90	1	Suzi Lorraine	Travis Legge
4791	13	0.332679	0	84	1	Michael Parle	Ivan Kavanagh
4796	7000	23.307949	424760	77	658	Shane Carruth	Shane Carruth
4801	0	0.857008	0	98	7	Daniel Henney	Daniel Hsia
